jagáš	årets
movttet	i_godt_humør
finála	finale
guovdageaidnulaš	fra_Kautokeino
vuoras	gammel
kárášjohkalaš	kárášjohkalaš	+?
searra	driftig
várrogas	aktsom
oahpaheapme	oahpaheapme	+?
finnmárkulaš	finnmarksværing
giitevaš	takknemlig
veara	verdt
dákkáraš	slik_som_det_her
sivalaš	skyldig
juogalágan	juogalágan	+?
olgoriikalaš	utlending
sáhkat	sáhkat	+?
dohkketmeahttun	ubrukelig
maŋŋelaš	seinere
deatnulaš	tanaværing
šállošahtti	beklagelig
politihkkalaš	politihkkalaš	+?
jámas	livløs
kilosaš	kilosaš	+?
beakkálmas	kjent
elektrovnnalaš	elektrovnnalaš	+?
oahppováillat	uten_utdanning
vázzi	vázzi	+?
suorggahahtti	skremmende
seksuálalaš	seksuell
surgat	sørgelig
duiskalaš	tysker
buotlágan	allslags
dávji	frekvens
váidalahtti	beklagelig
sosialisttalaš	sosialisttalaš	+?
njealjejuvllat	firehjulssykkel
ilgat	nifs
internašunála	internašunála	+?
ilolaš	gledelig
vahkat	vahkat	+?
ruoŧŧelaš	svenkse
sullásaš	liknende
roavis	grov
dohkkemeahttun	ubrukbar
nuppát	atskillig
geasuheaddji	tiltrekkende
movttiidahtti	movttiidahtti	+?
rehálaš	ærlig
aktiivvalaš	aktiivvalaš	+?
iešguđetgelágan	forskjellig_slags
kritihkalaš	kritihkalaš	+?
áigásaš	áigásaš	+?
ohcejohkalaš	ohcejohkalaš	+?
čorgat	renslig
ijaheapme	ijaheapme	+?
virggálaš	virggálaš	+?
luovos	løs
duppal	duppal	+?
amerihkálaš	amerihkálaš	+?
musihkalaš	musikalsk
balddihahtti	skremmende
oppas	snø_uten_spor
gaskasaš	gaskasaš	+?
dearvvašlaš	sunn
etnalaš	etnisk
áddjái	sein
vánis	knapp
rasisttalaš	rasisttalaš	+?
geahppat	lett
diimmáš	diimmáš	+?
ođđamállet	ođđamállet	+?
áššálaš	skyldig
eaŋkil	enkel
romantihkalaš	romantihkalaš	+?
duhtameahttun	misfornøyd
dramáhtalaš	dramáhtalaš	+?
veahkkái	hjelpsom
álbmotválljejuvvon	folkevalgt
ovttageardán	enfoldig
luohkkálaš	luohkkálaš	+?
guovttelágan	forskjellige
fysalaš	fysalaš	+?
vigiheapme	uskyldig
rahkat	parre_seg
govvideaddji	govvideaddji	+?
badjelmearálaš	overdrevet
namat	namat	+?
muitil	muitil	+?
evttoheapme	evttoheapme	+?
illudahtti	illudahtti	+?
olgoriikkalaš	utlending
áltálaš	áltálaš	+?
muhtinlágan	muhtinlágan	+?
Unni	Unni	+?
mielaheapme	gal
ruonas	grønnsak
ruonas	grønn
ovttadássásaš	ovttadássásaš	+?
doaimmashehttejuvvon	doaimmashehttejuvvon	+?
máilmmiviidosaš	global
eksohtalaš	eksohtalaš	+?
proffa	proffa	+?
vuolleahkásaš	vuolleahkásaš	+?
juohkebeaivválaš	hverdagslig
siskkaldas	siskkaldas	+?
seksuála	seksuála	+?
psykiátralaš	psykiátralaš	+?
lodji	tam
eahperehálaš	eahperehálaš	+?
klassihkalaš	klassisk
persuvnnalaš	persuvnnalaš	+?
davvinorgalaš	davvinorgalaš	+?
agálaš	evig
luomus	luomus	+?
gierdevaš	gierdevaš	+?
oktageardán	enkel
loahpaheapmi	avslutning
huksejeaddji	huksejeaddji	+?
virgái	virgái	+?
mázelaš	mázelaš	+?
miljovdnasaš	miljovdnasaš	+?
vártnuheapme	vártnuheapme	+?
meariheapme	umåtelig
diibmosaš	diibmosaš	+?
árat	árat	+?
journalisttalaš	journalisttalaš	+?
njuovžil	njuovžil	+?
čalbmáičuohcci	čalbmáičuohcci	+?
teorehtalaš	teorehtalaš	+?
mangelágan	mangelágan	+?
birgetmeahttun	birgetmeahttun	+?
álbmotrievttálaš	folkerettslig
miellačájeheaddji	miellačájeheaddji	+?
tøffa	tøff
profešunealla	profešunealla	+?
morálalaš	morálalaš	+?
nuoraidpolitihkalaš	nuoraidpolitihkalaš	+?
guldalas	guldalas	+?
juhkki	drikkfeldig
realisttalaš	realisttalaš	+?
almmus	offentlig
árjjalaš	ivrig
ehtalaš	ehtalaš	+?
birgemeahttun	uovervinnelig
teknihkkalaš	teknihkkalaš	+?
suomagielat	suomagielat	+?
statistihkalaš	statistihkalaš	+?
doaibmahehttejuvvon	doaibmahehttejuvvon	+?
medisiinnalaš	medisiinnalaš	+?
konstruktiivvalaš	konstruktiivvalaš	+?
vástideaddji	vástideaddji	+?
virkui	kvikk
doallevaš	doallevaš	+?
ceavzil	ceavzil	+?
váigat	kjedelig
vuordemeahttun	vuordemeahttun	+?
viššalaš	viššalaš	+?
ráđis	ráđis	+?
passiiva	passiv
oskkáldas	pålitelig
moalkái	moalkái	+?
eahpevuoiggalaš	eahpevuoiggalaš	+?
bargguheapme	arbeidsløs
árvvas	generøs
jávkkus	jávkkus	+?
unjárgalaš	unjárgalaš	+?
hirpmus	skrekkelig
moivvas	uklar
meareheapme	overdådig
duollet	
diplomáhtalaš	diplomáhtalaš	+?
rukses-ruoná	rukses-ruoná	+?
etihkalaš	etihkalaš	+?
váruheapme	váruheapme	+?
nuoski	urenslig
kulturpolitihkalaš	kulturpolitihkalaš	+?
jávoheapme	taus
eahpelunddolaš	eahpelunddolaš	+?
symbolalaš	symbolalaš	+?
4-juvllat	4-juvllat	+?
siidosaš	siidosaš	+?
originála	original
arkeologalaš	arkeologalaš	+?
kreatiivvalaš	kreatiivvalaš	+?
kollektiivvalaš	kollektiivvalaš	+?
vuovdnái	pågående
diliheapme	diliheapme	+?
smávvadálolaš	smávvadálolaš	+?
oktonas	alene
doaris	tverr-
várddus	várddus	+?
teknalaš	teknalaš	+?
fávru	skjønn
fávru	vakker_person
ceaggái	trassig
Bassi	Bassi	+?
muhtunlágan	muhtunlágan	+?
rievttálaš	rettslig
veaiki	kobber
siskkildas	siskkildas	+?
njealječiegat	firkant
kristalaš	kristalaš	+?
alternatiiva	alternativ
diekkáraš	diekkáraš	+?
teologalaš	teologalaš	+?
boahtteáigásaš	fremtidsrettet
sirbmálaš	sirbmálaš	+?
ruonáeatnanlaš	ruonáeatnanlaš	+?
mihtilmas	mihtilmas	+?
latnjat	latnjat	+?
guoros	guoros	+?
guoibmái	guoibmái	+?
goabbatlágan	goabbatlágan	+?
eahpedábálaš	eahpedábálaš	+?
romsalaš	romsalaš	+?
radioaktiivvalaš	radioaktiivvalaš	+?
jalgat	slett
ulbmilaš	strategisk
soaiggus	soaiggus	+?
románttalaš	románttalaš	+?
kulturhistorjjálaš	kulturhistorjjálaš	+?
gáibideaddji	gáibideaddji	+?
eahpeformálalaš	eahpeformálalaš	+?
mánnálaš	barnslig
ipmirmeahttun	ipmirmeahttun	+?
geanoheapme	geanoheapme	+?
ođđalágan	ođđalágan	+?
ortodoksalaš	ortodoksalaš	+?
lutherlaš	lutherlaš	+?
islándalaš	islándalaš	+?
etnihkalaš	etnihkalaš	+?
áktánas	áktánas	+?
juvddálaš	juvddálaš	+?
gráfalaš	grafisk
anolaš	anolaš	+?
váibmui	modig
teknologalaš	teknologalaš	+?
sogalaš	slektning
našunálalaš	našunálalaš	+?
humoristtalaš	humoristtalaš	+?
gánnihahtti	gánnihahtti	+?
guoimmuheaddji	guoimmuheaddji	+?
veahkaválddálaš	veahkaválddálaš	+?
radikála	radikal
nállevealaheapmi	rasisme
nággár	sta
japánalaš	japánalaš	+?
allaáiggálaš	allaáiggálaš	+?
stáđis	stø
hánis	gjerrig
anárašgielat	anárašgielat	+?
seammasullasaš	seammasullasaš	+?
politihkálaš	politihkálaš	+?
kreatiiva	kreatiiva	+?
eurohpálaš	eurohpálaš	+?
romis	romis	+?
internašuvnnalaš	internašuvnnalaš	+?
hávskái	hyggelig
girjjálaš	girjjálaš	+?
áddetmeahttun	uforståelig
guhkesáigásaš	guhkesáigásaš	+?
globála	globála	+?
fysihkalaš	fysihkalaš	+?
báneheapme	báneheapme	+?
struktuvrralaš	struktuvrralaš	+?
iešráđálaš	egenmektig
deaddil	deaddil	+?
daláš	daláš	+?
soabalaš	fredelig
sierralaš	sierralaš	+?
iešbirgejeaddji	iešbirgejeaddji	+?
fágagirjjálaš	fágagirjjálaš	+?
visuála	visuell
tuiska	tuiska	+?
poehtalaš	poehtalaš	+?
magihkalaš	magihkalaš	+?
jegolaš	lydig
eahpeduođalaš	eahpeduođalaš	+?
dánlágan	dánlágan	+?
olmmáivággilaš	olmmáivággilaš	+?
olmmošmeahttun	olmmošmeahttun	+?
geologalaš	geologalaš	+?
vuddjii	vuddjii	+?
oktagaslaš	oktagaslaš	+?
áššáigullevaš	adekvat
silolaš	silolaš	+?
porsáŋgulaš	porsáŋgulaš	+?
mohkkái	mohkkái	+?
loažžat	slapp
filosofalaš	filosofalaš	+?
davvisámegielat	davvisámegielat	+?
balahahtti	balahahtti	+?
vuoigatmeahttun	vuoigatmeahttun	+?
vuoigat	åpenhjertig
sáhkkii	nysgjerrig
konstruktiiva	konstruktiiva	+?
kanadalaš	kanadalaš	+?
julevsámegielat	julevsámegielat	+?
gáivuotnalaš	gáivuotnalaš	+?
geassái	geassái	+?
Davviriikalaš	Davviriikalaš	+?
álbmái	kraftig
álbmotrievttalaš	álbmotrievttalaš	+?
speanta	speanta	+?
juonalaš	lur
eaktudáhtolaš	eaktudáhtolaš	+?
nuortalašgielat	nuortalašgielat	+?
klinihkalaš	klinihkalaš	+?
hámmárfeastalaš	hammerfesting
guhkilmas	guhkilmas	+?
diehttalas	naturligvis
diehttalas	viss
palestinalaš	palestinalaš	+?
oahppaváillat	oahppaváillat	+?
neahtis	neahtis	+?
mielčuovvu	mielčuovvu	+?
hollándalaš	hollándalaš	+?
fávdnái	fávdnái	+?
eahpedemokráhtalaš	eahpedemokráhtalaš	+?
borahahtti	borahahtti	+?
ideála	ideal
guoirras	skinnmager
allaárvosaš	allaárvosaš	+?
váibmoláđis	váibmoláđis	+?
vuorji	vuorji	+?
stádalaš	stádalaš	+?
prinsihppalaš	prinsihppalaš	+?
lotnolas	lotnolas	+?
leavdnjalaš	leavdnjalaš	+?
konservatiiva	konservativ
jámmis	jámmis	+?
heivetmeahttun	utilbørlig
gárri	fat
guorbbas	guorbbas	+?
globálalaš	globálalaš	+?
fránska	fránska	+?
váikkuhanfámolaš	váikkuhanfámolaš	+?
vuoddjái	vuoddjái	+?
visuálalaš	visuálalaš	+?
vealtameahttun	uunngåelig
sisriikkalaš	sisriikkalaš	+?
ovttaráđálaš	ovttaráđálaš	+?
hámálaš	staselig
geaseheapmi	geaseheapmi	+?
dološáigásaš	arkaisk
dehalaš	dehalaš	+?
behtolaš	upålitelig
čavddis	tett
suoma-ugralaš	suoma-ugralaš	+?
lámis	vanfør
iešdáhtolaš	forsettlig
genehtalaš	genehtalaš	+?
dásseárvosaš	dásseárvosaš	+?
doaimmahuslaš	doaimmahuslaš	+?
byrokráhtalaš	byrokráhtalaš	+?
sáhkkái	nysgjerrig
regiovnnalaš	regiovnnalaš	+?
regionálaš	regionálaš	+?
modearna	modearna	+?
minuktasaš	minuktasaš	+?
jurddašeaddji	tenkende
iešlágan	merkelig
fuolaheapmi	omsorg
bieđggus	spredt
anárlaš	anárlaš	+?
anihahtti	brukbar
alladásat	alladásat	+?
spánskalaš	spánskalaš	+?
psykologalaš	psykologalaš	+?
luovvat	luovvat	+?
goavvi	hensynsløs
gavri	gavri	+?
analoga	analoga	+?
čáhket	čáhket	+?
ráhkislaš	ráhkislaš	+?
ruolla	ruolla	+?
máŋggakultuvrrat	máŋggakultuvrrat	+?
internationála	internationála	+?
homofiillalaš	homofiillalaš	+?
gággat	bryte
geardduheapmi	geardduheapmi	+?
eksklusiiva	eksklusiiva	+?
barggán	barggán	+?
ámmátlaš	profesjonell
álbmogiidgaskasaš	álbmogiidgaskasaš	+?
sáhkkit	sáhkkit	+?
organisatuvrralaš	organisatuvrralaš	+?
nuppelágan	annerledes
liberála	liberála	+?
leastadialaš	leastadialaš	+?
italialaš	italialaš	+?
gáđaš	misunnelig
giellapolitihkalaš	giellapolitihkalaš	+?
dramatihkalaš	dramatihkalaš	+?
buorredáhtolaš	buorredáhtolaš	+?
Dánska	Dánska	+?
leaikái	leaikái	+?
kontroversiealla	kontroversiealla	+?
kiinnálaš	kiinnálaš	+?
federála	federála	+?
estehtalaš	estehtalaš	+?
dološmállet	dološmállet	+?
deatnolaš	deatnolaš	+?
anonyma	anonyma	+?
neutrála	neutrála	+?
miessái	miessái	+?
lujávrilaš	lujávrilaš	+?
kommersiealla	kommersiealla	+?
humanisttalaš	humanisttalaš	+?
golmmalágan	golmmalágan	+?
fávdnát	bra
bálkkáheapme	bálkkáheapme	+?
beroštahtti	beroštahtti	+?
anatomalaš	anatomalaš	+?
suivat	kjedelig
skibas	sykelig
ráhpat	bra
oinnolaš	distinkt
njáigu	blyg_person
gutneheapme	frekk
groavis	groavis	+?
gaskaahkásaš	middelaldrende
eahperealisttalaš	eahperealisttalaš	+?
duhtatmeahttun	duhtatmeahttun	+?
dohkkehahtti	dohkkehahtti	+?
diehtoáŋgir	nysgjerrig
árvvoheapme	vanskelig
valli	hurtig
máŋggabealálaš	máŋggabealálaš	+?
ironalaš	ironalaš	+?
humaniteara	humaniteara	+?
guđelágan	guđelágan	+?
elektrihkalaš	elektrihkalaš	+?
villas	vill
smáđáhkis	hyggelig
primitiiva	primitiiva	+?
mekánalaš	mekánalaš	+?
gutnálaš	gutnálaš	+?
dolkadahtti	dolkadahtti	+?
boaresmállet	boaresmállet	+?
čađačuovgi	čađačuovgi	+?
tuiskalaš	tuiskalaš	+?
ođasmuvvi	ođasmuvvi	+?
lágaš	lágaš	+?
internášunála	internášunála	+?
hohppui	hissig
addevaš	addevaš	+?
šoavkat	bleik
subjektiivvalaš	subjektiivvalaš	+?
ovttagielat	ovttagielat	+?
návccaheapme	svak
meteorologalaš	meteorologalaš	+?
mearreáigásaš	mearreáigásaš	+?
jurdilmeahttun	jurdilmeahttun	+?
internašunálalaš	internašunálalaš	+?
grámmasaš	grámmasaš	+?
davviriikalaš	davviriikalaš	+?
ahkemearálaš	ahkemearálaš	+?
ábas	ábas	+?
sorttat	sorttat	+?
profeššunealla	profeššunealla	+?
ovttamielalaš	ovttamielalaš	+?
normála	normal
lappalaš	lappalaš	+?
hárvenaš	hárvenaš	+?
fámuheapme	fámuheapme	+?
eakti	eakti	+?
eahpeáššálaš	usaklig
Fránska	Fránska	+?
spánska	spánska	+?
snáhpis	snáhpis	+?
rájáheapme	rájáheapme	+?
ruksesruoná	ruksesruoná	+?
regionálalaš	regionálalaš	+?
mieđamánas	mieđamánas	+?
gierdameahttun	utålmodig
geatnegas	pliktig
dássit	dássit	+?
dearvvaslaš	sunn
HPV-boahkuheapmi	HPV-boahkuheapmi	+?
šluhtu	šluhtu	+?
viđajahkásaš	viđajahkásaš	+?
stabiila	stabil
objektiivvalaš	objektiivvalaš	+?
nuoraidpsykiátralaš	nuoraidpsykiátralaš	+?
máŋggagielat	máŋggagielat	+?
musikálalaš	musikálalaš	+?
lutherána	lutherána	+?
inhabiila	inhabiila	+?
indialaš	indialaš	+?
gálmmas	gálmmas	+?
golmmagielat	golmmagielat	+?
fylkkagielddalaš	fylkkagielddalaš	+?
biibbaloskkolaš	biibbaloskkolaš	+?
šliettas	slapp
rájaheapme	rájaheapme	+?
ráisalaš	ráisalaš	+?
lágaheapme	lágaheapme	+?
loikkas	lunken
lappilaš	lappilaš	+?
kruvdnosaš	kruvdnosaš	+?
jiekŋagalmmas	jiekŋagalmmas	+?
gáiddus	fjerntliggende
guovttejahkásaš	guovttejahkásaš	+?
geainnoheapme	geainnoheapme	+?
galbmavarat	galbmavarat	+?
streaŋggis	streaŋggis	+?
solidáralaš	solidáralaš	+?
skandinávalaš	skandinávalaš	+?
ruosttas	rusten
njálbmái	storkjeftet
njuoras	øm
materiálalaš	materiálalaš	+?
juovlaloahpaheapmi	juovlaloahpaheapmi	+?
guđajahkásaš	guđajahkásaš	+?
guvllolaš	guvllolaš	+?
fámoheapme	fámoheapme	+?
fránskalaš	fránskalaš	+?
baskalaš	baskalaš	+?
bahánihkkán	uskikkelig
badjelgeahččalas	badjelgeahččalas	+?
čuvgesruoksat	čuvgesruoksat	+?
árpmuheapme	árpmuheapme	+?
áigahaš	áigahaš	+?
áidnalunddot	áidnalunddot	+?
váiggas	váiggas	+?
ránto	kresen
rahpas	rahpas	+?
psykososiála	psykososiála	+?
peršuvnnalaš	peršuvnnalaš	+?
organisatoralaš	organisatoralaš	+?
oaivveheapme	oaivveheapme	+?
njealjejahkásaš	njealjejahkásaš	+?
kula	kul
guovdil	guovdil	+?
guovdageaidnolaš	guovdageaidnolaš	+?
girkuidgaskasaš	girkuidgaskasaš	+?
gielddaidgaskasaš	gielddaidgaskasaš	+?
gaskamearalaš	gaskamearalaš	+?
dávggas	elastisk
digitálalaš	digitálalaš	+?
afrihkkálaš	afrihkkálaš	+?
čáhppes-vielgat	čáhppes-vielgat	+?
čaffat	čaffat	+?
varrái	varrái	+?
ránskalaš	ránskalaš	+?
polára	polára	+?
mentálalaš	mentálalaš	+?
gáregasnjárgalaš	gáregasnjárgalaš	+?
gámis	gámis	+?
guovttebeaivásaš	guovttebeaivásaš	+?
fiberoptihkalaš	fiberoptihkalaš	+?
etnográfalaš	etnográfalaš	+?
erohtalaš	erohtalaš	+?
duolbat	duolbat	+?
duhtadahtti	duhtadahtti	+?
divttasvuotnalaš	divttasvuotnalaš	+?
báris	best
arábalaš	arábalaš	+?
šođbat	elegant
válddálaš	mektig
universála	universála	+?
smávitlágan	smávitlágan	+?
skohttalaš	skohttalaš	+?
sealgil	sealgil	+?
romalaš	romalaš	+?
realistalaš	realistalaš	+?
ortodoksa	ortodoksa	+?
optimistalaš	optimistalaš	+?
máškit	fleksibel
máŋggageardán	máŋggageardán	+?
muittoheapme	glømsk
moralalaš	moralalaš	+?
impulsiiva	impulsiiva	+?
idealisttalaš	idealisttalaš	+?
háváš	háváš	+?
hillji	langsom
heakkaváralaš	heakkaváralaš	+?
golmmačiegat	trekant
dákkárlágan	dákkárlágan	+?
doaresfágalaš	tverrfaglig
Valli	Valli	+?
šihttui	šihttui	+?
áššáiguoskevaš	áššáiguoskevaš	+?
spesiála	spesiála	+?
seammaárvosaš	seammaárvosaš	+?
rievttalaš	rievttalaš	+?
passiivvalaš	passiivvalaš	+?
návccalaš	sterk
militearalaš	militearalaš	+?
mieskkas	morken
læstadialaš	læstadialaš	+?
logalaš	logalaš	+?
iešbuorre	iešbuorre	+?
guollái	guollái	+?
geanuheapme	geanuheapme	+?
gealbboheapme	gealbboheapme	+?
fylkkasuohkanlaš	fylkkasuohkanlaš	+?
eahpevirggálaš	eahpevirggálaš	+?
dásseárvopolitihkalaš	dásseárvopolitihkalaš	+?
dulvvis	dulvvis	+?
báljis	bar
boazodoallofágalaš	boazodoallofágalaš	+?
skuvlaahkásaš	skuvlaahkásaš	+?
oiddolaš	gunstig
nautalaš	nautalaš	+?
moskilaš	moskilaš	+?
lotkat	lotkat	+?
loses	loses	+?
lojála	lojála	+?
loahppameahttun	loahppameahttun	+?
kurdalaš	kurdalaš	+?
industriála	industriála	+?
indo-fijilaš	indo-fijilaš	+?
historjálaš	historjálaš	+?
golgu	golgu	+?
fágaidgaskasaš	fágaidgaskasaš	+?
eretcealkkehahtti	eretcealkkehahtti	+?
eanebuš	eanebuš	+?
ealaskas	ealaskas	+?
eahpideaddji	eahpideaddji	+?
eahpeformála	eahpeformála	+?
dánjagáš	dánjagáš	+?
coola	coola	+?
báikkalaš	báikkalaš	+?
boagustahtti	boagustahtti	+?
asiáhtalaš	asiáhtalaš	+?
analyhtalaš	analyhtalaš	+?
ainolaš	ainolaš	+?
afrihkálaš	afrihkálaš	+?
árbmugas	nådig
ábuheapme	unyttig
seksuálaš	seksuálaš	+?
rávvejeaddji	rávvejeaddji	+?
ruoŧagielat	ruoŧagielat	+?
ruivvas	tilsølet
roavas	roavas	+?
riikkaidgaskkasaš	riikkaidgaskkasaš	+?
psykohtalaš	psykohtalaš	+?
oskkáldasmeahttun	oskkáldasmeahttun	+?
oarjemáilmmálaš	oarjemáilmmálaš	+?
nenetsalaš	nenetsalaš	+?
muoŧŧái	muoŧŧái	+?
latenamerihkálaš	latenamerihkálaš	+?
ironiijalaš	ironiijalaš	+?
interaktiiva	interaktiiva	+?
inhabila	inhabila	+?
gudneáŋgir	gudneáŋgir	+?
goiddas	tynn
gastronomalaš	gastronomalaš	+?
ekologálaš	ekologálaš	+?
ealáhuspolitihkalaš	ealáhuspolitihkalaš	+?
diehtomielalaš	diehtomielalaš	+?
birasváralaš	birasváralaš	+?
alladássásaš	alladássásaš	+?
aktonas	aktonas	+?
čáhcejeahkki	čáhcejeahkki	+?
čuorgat	grå
šlundi	motløs
árvitmeahttun	árvitmeahttun	+?
áitatvuloš	áitatvuloš	+?
vuojaheapme	vuojaheapme	+?
veadjetmeahttun	veadjetmeahttun	+?
vašán	vašán	+?
utnolaš	utnolaš	+?
suruheapme	ugudelig
starggas	stiv
soddjil	bøyelig
sirkumpolára	sirkumpolára	+?
nuortariikalaš	nuortariikalaš	+?
máŋggasuorggat	máŋggasuorggat	+?
máhtolaš	máhtolaš	+?
moalas	moalas	+?
konsekveanta	konsekveanta	+?
komilaš	komilaš	+?
iešstivrejeaddji	iešstivrejeaddji	+?
guovlluguovdasaš	guovlluguovdasaš	+?
guhkemátkkálaš	guhkemátkkálaš	+?
golmmajahkásaš	golmmajahkásaš	+?
goargat	goargat	+?
girkonjárgalaš	girkonjárgalaš	+?
gillil	utrettelig
geardásaš	avleiret
buorremielalaš	buorremielalaš	+?
birasustitlaš	birasustitlaš	+?
antropologalaš	antropologalaš	+?
afrihkalaš	afrihkalaš	+?
Ránska	Ránska	+?
čigŋái	čigŋái	+?
čalmmus	čalmmus	+?
álgovuolggalaš	álgovuolggalaš	+?
váivváš	váivváš	+?
váibi	váibi	+?
virtuála	virtuála	+?
urologalaš	urologalaš	+?
sámemállet	sámemállet	+?
syntehtalaš	syntehtalaš	+?
stiivvis	stiivvis	+?
rájeheapme	rájeheapme	+?
reálistalaš	reálistalaš	+?
regiunála	regiunála	+?
oasseáigásaš	oasseáigásaš	+?
nuppelotjahkásaš	nuppelotjahkásaš	+?
norrøna	norrøna	+?
nissonlaš	nissonlaš	+?
mánálaš	barnslig
mentála	mentála	+?
majestehtalaš	majestehtalaš	+?
lokála	lokála	+?
klimáhtalaš	klimáhtalaš	+?
kievra	kievra	+?
jievjjas	lys
intensiiva	intensiv
háhppil	kjapp
guotteheaddji	guotteheaddji	+?
golmmabeaivásaš	golmmabeaivásaš	+?
gaskaáigásaš	gaskaáigásaš	+?
fiktiiva	fiktiiva	+?
fearalágan	fearalágan	+?
fanasgieddilaš	fanasgieddilaš	+?
egyptalaš	egyptalaš	+?
ealit	ealit	+?
eahpeoskkolaš	eahpeoskkolaš	+?
dárbbalaš	dárbbalaš	+?
buresbirgejeaddji	buresbirgejeaddji	+?
buolvvat	buolvvat	+?
baháneahkkán	baháneahkkán	+?
allajoccat	allajoccat	+?
čáppagirjjálaš	čáppagirjjálaš	+?
čakčaseavdnjat	høstmørk
vuohččulaš	vuohččulaš	+?
unnitgielat	unnitgielat	+?
tromsalaš	tromsalaš	+?
stađuheapme	rastløs
persovnnálaš	persovnnálaš	+?
ovttabeallásaš	ovttabeallásaš	+?
oktilaš	oktilaš	+?
offensiiva	offensiiva	+?
objektiiva	objektiiva	+?
máttasámegielat	máttasámegielat	+?
lullisámegielat	lullisámegielat	+?
lieggavarat	lieggavarat	+?
jieris	jieris	+?
jeavddalaš	jeavddalaš	+?
jallaslágan	jallaslágan	+?
individuálalaš	individuálalaš	+?
ideologalaš	ideologalaš	+?
hudju	hudju	+?
hilján	hilján	+?
helssetlaš	helssetlaš	+?
harmonalaš	harmonalaš	+?
guđegelágan	guđegelágan	+?
guovttejuvllat	guovttejuvllat	+?
geniála	genial
geahčemeahttun	geahčemeahttun	+?
garralágan	garralágan	+?
fysikálalaš	fysikálalaš	+?
fuomášahtti	fuomášahtti	+?
fundamentalisttalaš	fundamentalisttalaš	+?
friddjagirkolaš	friddjagirkolaš	+?
fitnodatlaš	fitnodatlaš	+?
ekumenalaš	ekumenalaš	+?
eallinfámolaš	vital
dynámalaš	dynámalaš	+?
dilsi	dilsi	+?
canadalaš	canadalaš	+?
balddehahtti	balddehahtti	+?
bajáš	bajáš	+?
7-vahkkosaš	7-vahkkosaš	+?
čuoddjil	čuoddjil	+?
čilgemeahttun	čilgemeahttun	+?
čiežajahkásaš	čiežajahkásaš	+?
árabuš	árabuš	+?
áiggeheapme	áiggeheapme	+?
vuoŋis	vuoŋis	+?
vuogádatlaš	vuogádatlaš	+?
sátnerikkis	sátnerikkis	+?
sosiala	sosiala	+?
rihkolaš	rihkolaš	+?
radioaktiiva	radioaktiiva	+?
progressiiva	progressiiva	+?
profišunealla	profišunealla	+?
palestiinnálaš	palestiinnálaš	+?
ovttasullasaš	ovttasullasaš	+?
orgánalaš	orgánalaš	+?
moderáhta	moderáhta	+?
minimalisttalaš	minimalisttalaš	+?
militánta	militánta	+?
maritiibma	maritiibma	+?
marginála	marginála	+?
lusttuheapme	uappetittlig
jahkebeallásaš	jahkebeallásaš	+?
iešválddálaš	iešválddálaš	+?
iešráhkis	iešráhkis	+?
iežaslágan	iežaslágan	+?
háittis	háittis	+?
guoddil	guoddil	+?
gulus	gulus	+?
greikkalaš	greikkalaš	+?
greikalaš	greikalaš	+?
grammatihkalaš	grammatihkalaš	+?
gieldalaš	gieldalaš	+?
fysálaš	fysálaš	+?
evangelalaš	evangelalaš	+?
ealjár	flittig
eahpeduhtavaš	eahpeduhtavaš	+?
bargopolitihkalaš	bargopolitihkalaš	+?
autonomalaš	autonomalaš	+?
australialaš	australialaš	+?
arrogánta	arrogánta	+?
amasgielat	amasgielat	+?
albmalágan	albmalágan	+?
árjjálaš	aktiv
vávjálas	vávjálas	+?
vuolleahkáhaš	vuolleahkáhaš	+?
vehkkii	vehkkii	+?
ulmmeheapme	ulmmeheapme	+?
tuvalaš	tuvalaš	+?
trohpalaš	trohpalaš	+?
suorgái	suorgái	+?
suokkis	hullete
spontána	spontána	+?
sosiokultuvrralaš	sosiokultuvrralaš	+?
sitkat	seig
seagas	seagas	+?
rytmálaš	rytmálaš	+?
ruhtaáŋgir	ruhtaáŋgir	+?
reanttuheapme	reanttuheapme	+?
preassaetihkalaš	preassaetihkalaš	+?
posetiiva	posetiiva	+?
perfeakta	perfekt
mearkkalaš	merkelig
láđas	fullmåne
logaheapme	logaheapme	+?
kronologalaš	kronologalaš	+?
konstitušunealla	konstitušunealla	+?
ivdnásaš	ivdnásaš	+?
inteansa	inteansa	+?
industriijalaš	industriijalaš	+?
imašlágan	imašlágan	+?
ihttáš	morgendagens
hápmásaš	hápmásaš	+?
gávccijahkásaš	gávccijahkásaš	+?
guoskameahttun	guoskameahttun	+?
guhkolaš	guhkolaš	+?
fáhkkatlaš	fáhkkatlaš	+?
fitmat	fitmat	+?
effektiiva	effektiiva	+?
eatnigielat	eatnigielat	+?
eahperisttalaš	eahperisttalaš	+?
duollat	duollat	+?
doarjaleaddji	doarjaleaddji	+?
dieđuheapme	dieđuheapme	+?
boahttejagáš	boahttejagáš	+?
bearas	bearas	+?
bealkálas	bealkálas	+?
anársámegielat	anársámegielat	+?
antirasisttalaš	antirasisttalaš	+?
Addi	Addi	+?
áfrihkkálaš	áfrihkkálaš	+?
vuorddehahtti	vuorddehahtti	+?
vuoimmeheapme	vuoimmeheapme	+?
vuohkkái	vuohkkái	+?
troandinlaš	troandinlaš	+?
sáneheapme	sáneheapme	+?
subjektiiva	subjektiiva	+?
stargat	stargat	+?
skáddjil	skáddjil	+?
skurtnjas	motløs
serbialaš	serbialaš	+?
ráđeheapme	ráđeheapme	+?
ráhpis	ulendt
roavvenjárgalaš	roavvenjárgalaš	+?
riikkasaš	riikkasaš	+?
redakšuvnnalaš	redakšuvnnalaš	+?
priváhtalaš	priváhtalaš	+?
pedagogálaš	pedagogálaš	+?
pakistána	pakistána	+?
máŋggačearddalaš	máŋggačearddalaš	+?
máŋggafágalaš	máŋggafágalaš	+?
máinnolmas	máinnolmas	+?
máilmmidovddus	máilmmidovddus	+?
minimála	minimála	+?
makkárgelágan	makkárgelágan	+?
logahahtti	logahahtti	+?
kosmehtalaš	kosmehtalaš	+?
kommersiála	kommersiála	+?
jienalaš	jienalaš	+?
jealahas	skyfri
ironálaš	ironálaš	+?
ihtáš	morgendagens
iešheanálaš	iešheanálaš	+?
háreheapme	háreheapme	+?
hypotehtalaš	hypotehtalaš	+?
humánalaš	humánalaš	+?
humanitára	humanitára	+?
hoavdalágan	hoavdalágan	+?
hirpmástahtti	hirpmástahtti	+?
heahkas	heahkas	+?
gáibidahkes	gáibidahkes	+?
gáddálas	gáddálas	+?
guovttevahkkosaš	guovttevahkkosaš	+?
guovttegeardásaš	dobbel
guovttegeardán	dobbel
guoddevaš	guoddevaš	+?
guhkálmas	guhkálmas	+?
gabbagirjjat	gabbagirjjat	+?
eksperimentála	eksperimentála	+?
dáhpáhusvalljot	dáhpáhusvalljot	+?
boazogeaseheapmi	boazogeaseheapmi	+?
bargonávccaheapme	bargonávccaheapme	+?
avvillaš	avvillaš	+?
atlantalaš	atlantalaš	+?
arvil	arvil	+?
akusttalaš	akusttalaš	+?
aktolágan	aktolágan	+?
akademihkalaš	akademihkalaš	+?
čáhcesullolaš	čáhcesullolaš	+?
čuovvuvaš	čuovvuvaš	+?
áitosaš	áitosaš	+?
vástevaš	vástevaš	+?
vuojaheapmi	vuojaheapmi	+?
viso	viso	+?
viivvuheapme	viivvuheapme	+?
valljugas	valljugas	+?
territoriála	territoriála	+?
sámesogat	sámesogat	+?
suojis	suojis	+?
steriila	steriila	+?
statistalaš	statistalaš	+?
sovjehtalaš	sovjehtalaš	+?
soameheapme	soameheapme	+?
snáhppil	snáhppil	+?
smávvalágan	smávvalágan	+?
siddjii	siddjii	+?
serbálaš	serbálaš	+?
seammadássásaš	seammadássásaš	+?
sealggaheapme	sealggaheapme	+?
romantalaš	romantalaš	+?
rehelaš	rehelaš	+?
positivvalaš	positivvalaš	+?
oskkoldatlaš	oskkoldatlaš	+?
oassálaš	oassálaš	+?
oanehisáigásaš	oanehisáigásaš	+?
nordlándalaš	nordlándalaš	+?
njálggahájat	njálggahájat	+?
máŋggagielalaš	máŋggagielalaš	+?
máŋggageardásaš	máŋggageardásaš	+?
moalkkas	kroket
moaitálas	moaitálas	+?
miellaváillat	miellaváillat	+?
magnehtalaš	magnehtalaš	+?
lávgat	tettsittende
konservatiivvalaš	konservatiivvalaš	+?
jáhkihahtti	jáhkihahtti	+?
jáhketmeahttun	jáhketmeahttun	+?
jolgat	freidig
ipmilaš	ipmilaš	+?
ii-sápmelaš	ii-sápmelaš	+?
hálddatlaš	hálddatlaš	+?
hyperaktiiva	hyperaktiiva	+?
homoseksuála	homoseksuála	+?
heahpatmeahttun	heahpatmeahttun	+?
gælalaš	gælalaš	+?
guđajuvllat	guđajuvllat	+?
govdosaš	govdosaš	+?
golmmaoasat	golmmaoasat	+?
golmmageardán	golmmageardán	+?
gilvonávccalaš	gilvonávccalaš	+?
gilleš	gilleš	+?
gieris	kjærlig
fálesnuorrilaš	fálesnuorrilaš	+?
fuopmášahtti	fuopmášahtti	+?
fidnofágalaš	fidnofágalaš	+?
fanatihkalaš	fanatihkalaš	+?
eŋgelasgielat	eŋgelasgielat	+?
eavttuheapme	eavttuheapme	+?
eanodatlaš	eanodatlaš	+?
eahpevissis	eahpevissis	+?
eahpepolitihkalaš	eahpepolitihkalaš	+?
eahpealmmolaš	eahpealmmolaš	+?
dábáláš	dábáláš	+?
duhátjuolggat	duhátjuolggat	+?
dovduičuohcci	dovduičuohcci	+?
dihtolágan	dihtolágan	+?
deahtis	deahtis	+?
davviguovlovuoruheapmi	davviguovlovuoruheapmi	+?
buotbeallásaš	buotbeallásaš	+?
brasilalaš	brasilalaš	+?
bealleduhtavaš	bealleduhtavaš	+?
6-mánnosaš	6-mánnosaš	+?
čemihkalaš	čemihkalaš	+?
šatteš	šatteš	+?
vástesaš	vástesaš	+?
vuostemielalaš	vuostemielalaš	+?
vuollis	vuollis	+?
vanhurskkis	gudfryktig
tyrkialaš	tyrkialaš	+?
sveitsalaš	sveitsalaš	+?
surgatlaš	surgatlaš	+?
sreaŋggis	sreaŋggis	+?
sonas	sonas	+?
skihkalaš	ordensmessig
simpal	simpal	+?
siessái	siessái	+?
sierramielalaš	sierramielalaš	+?
servodatdieđalaš	servodatdieđalaš	+?
searalaš	sterk
rámssas	rámssas	+?
ruovttuheapme	ruovttuheapme	+?
rojas	rojas	+?
rikkas	rikkas	+?
riektelaš	rettshaver
reálisttalaš	reálisttalaš	+?
rabasmielalaš	rabasmielalaš	+?
priváhtarievttálaš	priváhtarievttálaš	+?
ovttamielat	ovttamielat	+?
ovttabealat	ensidig
ovddolaš	underlig
oranša	oranša	+?
olmmošaddjái	olmmošaddjái	+?
ollesáigásaš	ollesáigásaš	+?
nohkameahttun	nohkameahttun	+?
njunnesuorat	njunnesuorat	+?
njealjejuolggat	firbeint
nasisttalaš	nasisttalaš	+?
máŋggadáfot	máŋggadáfot	+?
máinnalmas	máinnalmas	+?
mystihkalaš	mystihkalaš	+?
moaittat	moaittat	+?
mihtus	dissenterende
meksikánalaš	meksikánalaš	+?
meksikána	meksikána	+?
mearrediđolaš	mearrediđolaš	+?
maorigielat	maorigielat	+?
livttis	livttis	+?
litauenlaš	litauenlaš	+?
leavvi	leavvi	+?
kvalitatiiva	kvalitativ
kosovo-albanalaš	kosovo-albanalaš	+?
jurddašmeahttun	jurddašmeahttun	+?
juovvái	juovvái	+?
itálialaš	itálialaš	+?
intellektuála	intellektuála	+?
iešoaivválaš	iešoaivválaš	+?
iešmielat	iešmielat	+?
hillágurralaš	hillágurralaš	+?
heavskkálaš	heavskkálaš	+?
guovtteávjjot	guovtteávjjot	+?
gudneheapme	gudneheapme	+?
girjerájusfágalaš	girjerájusfágalaš	+?
giellafágalaš	giellafágalaš	+?
frisalaš	frisalaš	+?
feministtalaš	feministtalaš	+?
elektralaš	elektralaš	+?
ekstremisttalaš	ekstremisttalaš	+?
egoisttalaš	egoisttalaš	+?
efesoslaš	efesoslaš	+?
ebmui	flott
earágielat	earágielat	+?
ealljár	ealljár	+?
dánáigásaš	dánáigásaš	+?
doaŋgi	stiv
doarespolitihkalaš	doarespolitihkalaš	+?
cealkemeahttun	cealkemeahttun	+?
beaivebálkkolaš	løsarbeider
balahahkes	mistroisk
automahtalaš	automahtalaš	+?
analogalaš	analogalaš	+?
alluvialaš	alluvialaš	+?
allateknologalaš	allateknologalaš	+?
agalaš	agalaš	+?
čáhppesvarat	mørk
šveicalaš	šveicalaš	+?
šoavvat	suse
čoarvái	med_store_horn
šlárvvas	šlárvvas	+?
áigáiheivvolaš	áigáiheivvolaš	+?
áicevaš	áicevaš	+?
vánta	vant
váljohkalaš	váljohkalaš	+?
vuođuheapme	vuođuheapme	+?
vuosttašluohkkálaš	vuosttašluohkkálaš	+?
vuoiggameahttun	vuoiggameahttun	+?
vuodjagoalki	vuodjagoalki	+?
virolaš	sedvanlig
veahtas	for_lite_salt
ungáralaš	ungáralaš	+?
tibehtalaš	tibehtalaš	+?
skuortnas	skuortnas	+?
skandinavialaš	skandinavialaš	+?
seađas	seađas	+?
ruoššagielat	ruoššagielat	+?
relatiiva	relatiiva	+?
produktiivvalaš	produktiivvalaš	+?
parlamenttalaš	parlamenttalaš	+?
ovdáneaddji	ovdáneaddji	+?
ovddasvástáduslaš	ovddasvástáduslaš	+?
oululaš	oululaš	+?
oruhahtti	oruhahtti	+?
orientálalaš	orientálalaš	+?
optimála	optimála	+?
olatmeahttun	olatmeahttun	+?
oanehissoajat	oanehissoajat	+?
nubbingielat	nubbingielat	+?
njávval	njávval	+?
našunalisttalaš	našunalisttalaš	+?
moaittehahtti	moaittehahtti	+?
miholaš	miholaš	+?
materialisttalaš	materialisttalaš	+?
lujávrrelaš	lujávrrelaš	+?
logibeaivásaš	logibeaivásaš	+?
loaččis	loaččis	+?
lissu	lissu	+?
lihkkoš	lihkkoš	+?
katolihkalaš	katolihkalaš	+?
juvssahahtti	juvssahahtti	+?
jienaheapme	jienaheapme	+?
ipmirdeaddji	ipmirdeaddji	+?
ipmilmeahttun	ugudelig
ipmilbalolaš	ipmilbalolaš	+?
ideologálaš	ideologálaš	+?
humuheapme	humuheapme	+?
hehttejeaddji	hehttejeaddji	+?
heakkavárálaš	heakkavárálaš	+?
gáiggas	gáiggas	+?
guovttesuorat	guovttesuorat	+?
guhkedáleš	guhkedáleš	+?
guatemalalaš	guatemalalaš	+?
golmmajuvllat	golmmajuvllat	+?
goalus	uhyggelig
giddat	giddat	+?
fidnoetihkalaš	fidnoetihkalaš	+?
elektronihkalaš	elektronihkalaš	+?
eavttoheapme	eavttoheapme	+?
eanandoallopolitihkalaš	eanandoallopolitihkalaš	+?
eahpeseriøsa	eahpeseriøsa	+?
eahpenjuolgat	eahpenjuolgat	+?
eahpemorálalaš	eahpemorálalaš	+?
eahpekritihkalaš	eahpekritihkalaš	+?
eahpejierpmálaš	eahpejierpmálaš	+?
eahpegovttolaš	eahpegovttolaš	+?
doarjjavuoruheapmi	doarjjavuoruheapmi	+?
diibmobeallásaš	diibmobeallásaš	+?
davviguovlluvuoruheapmi	davviguovlluvuoruheapmi	+?
buorrendoalli	buorrendoalli	+?
buorredáhton	buorredáhton	+?
boađusguvllot	boađusguvllot	+?
biologálaš	biologálaš	+?
beallešattot	beallešattot	+?
bargorievttálaš	bargorievttálaš	+?
badjelfámolaš	badjelfámolaš	+?
agibeaivválaš	agibeaivválaš	+?
čálaoahppavaš	čálaoahppavaš	+?
čuožžovaš	foreliggende
čuoikkaheapme	čuoikkaheapme	+?
čuohtejahkásaš	čuohtejahkásaš	+?
čivra	čivra	+?
šamanisttalaš	šamanisttalaš	+?
šallat	šallat	+?
ávkkeheapme	ávkkeheapme	+?
árvvuheapme	árvvuheapme	+?
válddiheapme	válddiheapme	+?
vuođđolágalaš	grunnlovsmessig
vearoheapme	vearoheapme	+?
vearditmeahttun	vearditmeahttun	+?
vaššái	vaššái	+?
traumáhtalaš	traumáhtalaš	+?
ságaheapme	ságaheapme	+?
stánžžas	stánžžas	+?
stáhtaidgaskasaš	stáhtaidgaskasaš	+?
stađđil	stađđil	+?
sosiálademokráhtalaš	sosiálademokráhtalaš	+?
somáhtalaš	somáhtalaš	+?
skánitlaš	skánitlaš	+?
skottálaš	skottálaš	+?
skihkaheapme	skihkaheapme	+?
sisilialaš	sisilialaš	+?
seriøsa	seriøsa	+?
ránesruškat	ránesruškat	+?
ráigái	ráigái	+?
rádjerasttildeaddji	rádjerasttildeaddji	+?
romanialaš	romanialaš	+?
riektehistorjjálaš	rettshistorisk
reella	reella	+?
ođđavarat	ođđavarat	+?
ovttaveardásaš	ovttaveardásaš	+?
ovttabealálaš	ovttabealálaš	+?
olympalaš	olympalaš	+?
oktiigullevaš	oktiigullevaš	+?
nuortariikkalaš	nuortariikkalaš	+?
nohkavaš	nohkavaš	+?
noaidelágan	noaidelágan	+?
njuorggánlaš	njuorggánlaš	+?
njuohcci	njuohcci	+?
nigerialaš	nigerialaš	+?
mášolaš	mášolaš	+?
mieđis	mieđis	+?
meksikolaš	meksikolaš	+?
manlágan	manlágan	+?
maksimála	maksimála	+?
lávlolas	lávlolas	+?
luottaheapme	luottaheapme	+?
luohttemeahttun	luohttemeahttun	+?
logaheapmi	logaheapmi	+?
kvalitatiivvalaš	kvalitatiivvalaš	+?
kulturfágalaš	kulturfágalaš	+?
kruvdnasaš	kruvdnasaš	+?
karismáhtalaš	karismáhtalaš	+?
kardinála	kardinála	+?
juvdu	juvdu	+?
juoŋas	gissen
julbmi	morsk
israelalaš	israelalaš	+?
islámalaš	islámalaš	+?
interaktiivvalaš	interaktiivvalaš	+?
iežasgielat	iežasgielat	+?
háljas	háljas	+?
gávnneheapme	gávnneheapme	+?
guđačiegat	guđačiegat	+?
guovtteoasat	guovtteoasat	+?
guovttegearddat	guovttegearddat	+?
guoktelaš	guoktelaš	+?
gudnemeahttun	gudnemeahttun	+?
girkopolitihkalaš	girkopolitihkalaš	+?
gilddas	gilddas	+?
gieđaheapme	gieđaheapme	+?
gierddoheapme	gierddoheapme	+?
giellasosiologalaš	giellasosiologalaš	+?
genetihkalaš	genetihkalaš	+?
generealla	generealla	+?
geavrras	geavrras	+?
garrui	fæl_til_å_banne
espánnjalaš	espánnjalaš	+?
espánjalaš	espánjalaš	+?
eahpeámmátlaš	eahpeámmátlaš	+?
eahperehelaš	eahperehelaš	+?
eahcálaš	eahcálaš	+?
dáiddafágalaš	dáiddafágalaš	+?
duoddjái	duoddjái	+?
duihmi	dum
duhtávaš	duhtávaš	+?
doaibmevaš	doaibmevaš	+?
davvilaš	davvilaš	+?
báruheapme	báruheapme	+?
buorremenolaš	buorremenolaš	+?
buleš	buleš	+?
bivvil	bivvil	+?
birrajagáš	birrajagáš	+?
beallegárvvis	beallegárvvis	+?
bargiidpolitihkalaš	bargiidpolitihkalaš	+?
apoastalaš	apoastalaš	+?
anuheapme	anuheapme	+?
antárktalaš	antárktalaš	+?
algerialaš	algerialaš	+?
aggressiiva	aggressiiva	+?
aborigiinnalaš	aborigiinnalaš	+?
čuoikái	čuoikái	+?
čađačalmmat	čađačalmmat	+?
čaimmahahtti	čaimmahahtti	+?
ávddalaš	ávddalaš	+?
ássameahttun	ássameahttun	+?
ánolaš	ánolaš	+?
áddejeaddji	áddejeaddji	+?
válddeheapme	válddeheapme	+?
váfi	svær
vuolleahkahaš	vuolleahkahaš	+?
vuoigatlaš	vuoigatlaš	+?
viđačiegat	viđačiegat	+?
vistteheapme	vistteheapme	+?
vilppas	vilppas	+?
vilgesvarat	vilgesvarat	+?
vierrogielat	vierrogielat	+?
vepsalaš	vepsalaš	+?
ultravioleahtta	ultraviolett
ulbmilmeahttun	ulbmilmeahttun	+?
tiibmosaš	tiibmosaš	+?
suovvil	suovvil	+?
suopmelaš-ugralaš	suopmelaš-ugralaš	+?
stáđismeahttun	stáđismeahttun	+?
spáitil	effektiv
soahtehistorjjálaš	soahtehistorjjálaš	+?
skuniheapme	skuniheapme	+?
skottlándalaš	skottlándalaš	+?
sexualálaš	sexualálaš	+?
sentimentála	sentimentála	+?
rávdnjái	med_mye_strøm
ráneslágan	ráneslágan	+?
runta	runta	+?
ruksesivnnat	ruksesivnnat	+?
ruhtaváibmil	ruhtaváibmil	+?
roaŋkkas	kroket
roavesavvonlaš	roavesavvonlaš	+?
restriktiiva	restriktiiva	+?
puritánalaš	puritánalaš	+?
primitiivvalaš	primitiivvalaš	+?
pedagogalaš-psykologalaš	pedagogalaš-psykologalaš	+?
palestiinnalaš	palestiinnalaš	+?
ožžoš	ožžoš	+?
ođđahámat	ođđahámat	+?
ovttageardásaš	ovttageardásaš	+?
ovttabealát	ovttabealát	+?
ovdamearkkalaš	ovdamearkkalaš	+?
ovdahistorjjálaš	ovdahistorjjálaš	+?
oslolaš	oslolaš	+?
organisatovrralaš	organisatovrralaš	+?
olmmošvuoigatvuođalaš	olmmošvuoigatvuođalaš	+?
olmmošeaddjái	olmmošeaddjái	+?
offensiivvalaš	offensiivvalaš	+?
nuortasámegielat	nuortasámegielat	+?
njuolgguslaš	njuolgguslaš	+?
njuolggus	njuolggus	+?
njuolggalaš	njuolggalaš	+?
máŋggadieđalaš	máŋggadieđalaš	+?
molssaektosaš	molssaektosaš	+?
mojunjálmmat	mojunjálmmat	+?
logátluohkálaš	logátluohkálaš	+?
loatni	loatni	+?
lihkkos	lihkkos	+?
legitiibma	legitiibma	+?
leabuheapme	leabuheapme	+?
kveanagielat	kveanagielat	+?
kultureaktodáhtolaš	kultureaktodáhtolaš	+?
kolonialaš	kolonialaš	+?
kemiijalaš	kemiijalaš	+?
kemihkalaš	kemihkalaš	+?
kanádalaš	kanádalaš	+?
jáhpánlaš	jáhpánlaš	+?
jozzái	jozzái	+?
journalistalaš	journalistalaš	+?
jotkkolaš	jotkkolaš	+?
joatkevaš	joatkevaš	+?
jiellevárrilaš	jiellevárrilaš	+?
jassái	jassái	+?
individuella	individuella	+?
hurvi	hurvi	+?
heava	heava	+?
hearddoheapme	hearddoheapme	+?
heajosmielat	heajosmielat	+?
gávccátluohkkálaš	gávccátluohkkálaš	+?
gárjillaš	gárjillaš	+?
guđamánnosaš	guđamánnosaš	+?
guovttelanjat	guovttelanjat	+?
guovttebealát	guovttebealát	+?
guovttebealat	guovttebealat	+?
guoskkaheaddji	guoskkaheaddji	+?
goabbatbealat	goabbatbealat	+?
girrat	girrat	+?
gillámeahttun	gillámeahttun	+?
gilles	gilles	+?
giivvis	ubehersket
germánalaš	germánalaš	+?
geaiddus	geaiddus	+?
gassosaš	gassosaš	+?
gaskkasaš	gaskkasaš	+?
fárddaheapme	fárddaheapme	+?
fállejohkalaš	fállejohkalaš	+?
fágapolitihkalaš	fágapolitihkalaš	+?
fysikála	fysikála	+?
fuolkegielat	fuolkegielat	+?
fijilaš	fijilaš	+?
estlándalaš	estlándalaš	+?
erotihkalaš	erotihkalaš	+?
elegánta	elegánta	+?
ecuadoralaš	ecuadoralaš	+?
eannjehas	eannjehas	+?
eahpelihkolaš	eahpelihkolaš	+?
eahpehistorjjálaš	eahpehistorjjálaš	+?
eahpegierdevaš	eahpegierdevaš	+?
eahpeehtalaš	eahpeehtalaš	+?
dásseárvofágalaš	dásseárvofágalaš	+?
dárpmeheapme	dárpmeheapme	+?
durddas	skitten
dorvvoheapme	dorvvoheapme	+?
dorras	dorras	+?
dilkui	dilkui	+?
dihtorteknologalaš	dihtorteknologalaš	+?
dearvvašvuođapolitihkalaš	dearvvašvuođapolitihkalaš	+?
danlágan	danlágan	+?
colombialaš	colombialaš	+?
cirkumpolára	cirkumpolára	+?
bálvalusdiđolaš	bálvalusdiđolaš	+?
báhpavihaheapmi	báhpavihaheapmi	+?
báhkinlaš	hedensk
báhcavuotnalaš	báhcavuotnalaš	+?
buotdiehtti	buotdiehtti	+?
buorredohkálaš	buorredohkálaš	+?
brasilialaš	brasilialaš	+?
botniheapme	bunnløs
boazoheapme	boazoheapme	+?
biškat	biškat	+?
bissojohkalaš	bissojohkalaš	+?
bisovaš	bisovaš	+?
birzzehas	birzzehas	+?
bihkolas	bihkolas	+?
beallemielat	beallemielat	+?
baltalaš	baltalaš	+?
austrálialaš	austrálialaš	+?
augsburgalaš	augsburgalaš	+?
antirasistalaš	antirasistalaš	+?
allajienat	allajienat	+?
akuhtta	akuhtta	+?
ahkkái	ahkkái	+?
absurda	absurda	+?
5-vahkkosaš	5-vahkkosaš	+?
2-lanjat	2-lanjat	+?
čuvgesvarat	lys
čuovggaheapme	čuovggaheapme	+?
čoavjjeheapme	čoavjjeheapme	+?
šlihtu	šlihtu	+?
čielggeheapme	čielggeheapme	+?
šattoheapme	šattoheapme	+?
čalbmes	skarpsynt
čakčaivnnat	čakčaivnnat	+?
čabulágan	čabulágan	+?
áššáiosolaš	áššáiosolaš	+?
ásahuslaš	ásahuslaš	+?
árpmitmeahttun	ubarmhjertig
árjjaheapme	árjjaheapme	+?
álmmeheapme	álmmeheapme	+?
áiggiheapme	áiggiheapme	+?
áidalas	áidalas	+?
váŋkái	kraftig
várggátlaš	várggátlaš	+?
válgačađaheapmi	válgačađaheapmi	+?
váivái	vanskelig
váillat	váillat	+?
vuosttašluohkálaš	vuosttašluohkálaš	+?
vuordetmeahttun	vuordetmeahttun	+?
vuolleárvosaš	vuolleárvosaš	+?
vuojus	vuojus	+?
vuoitil	vuoitil	+?
viđátluohkálaš	viđátluohkálaš	+?
viđamánnosaš	viđamánnosaš	+?
vilgeslágan	vilgeslágan	+?
viesas	viesas	+?
vearrogeatnegas	vearrogeatnegas	+?
veagalaš	kraftig
valljogas	rikelig
unnitlágan	unnitlágan	+?
unnitlogugielat	unnitlogugielat	+?
ultrafioleahtta	ultrafioleahtta	+?
ulbmálaš	ulbmálaš	+?
uhcánaš	uhcánaš	+?
ugralaš	ugralaš	+?
temáhtalaš	temáhtalaš	+?
sámegielaheapme	sámegielaheapme	+?
svalbárdalaš	svalbárdalaš	+?
superristtalaš	superristtalaš	+?
suovat	suovat	+?
suohpáheapme	suohpáheapme	+?
sullalágan	sullalágan	+?
subárktalaš	subárktalaš	+?
stánddalaš	stødig
stábat	stripet
speallansorjavaš	speallansorjavaš	+?
spalccas	spalccas	+?
sosiálapolitihkalaš	sosiálapolitihkalaš	+?
soahpameahttun	soahpameahttun	+?
skániklaš	skániklaš	+?
skuvlaloahpaheapmi	skoleavslutning
skuovaheapme	skuovaheapme	+?
skuortnjas	skuortnjas	+?
silkelágan	silkelágan	+?
signifikánta	signifikánta	+?
sevdnjeslágan	sevdnjeslágan	+?
servodatfágalaš	servodatfágalaš	+?
seismalaš	seismalaš	+?
seainneheapme	seainneheapme	+?
seaibbeheapme	seaibbeheapme	+?
seahkemielat	seahkemielat	+?
seagus	seagus	+?
sarawakalaš	sarawakalaš	+?
sahkuheapme	sahkuheapme	+?
ráŋggáštusvuloš	ráŋggáštusvuloš	+?
rájáidgaskasaš	rájáidgaskasaš	+?
ráiggeheapme	ráiggeheapme	+?
ruškeslágan	ruškeslágan	+?
ruksesruškat	ruksesruškat	+?
rukseslágan	rukseslágan	+?
rohppái	rohppái	+?
ritmái	ritmái	+?
retoralaš	retoralaš	+?
ravdamearálaš	ytterliggående
rahkki	rahkki	+?
profehtalaš	profehtalaš	+?
problemáhtalaš	problemáhtalaš	+?
portugisalaš	portugisalaš	+?
populára	populára	+?
polskalaš	polskalaš	+?
patriarkálalaš	patriarkálalaš	+?
ovttagaslaš	ovttagaslaš	+?
ovttaahkáhaš	ovttaahkáhaš	+?
oskuvaš	oskuvaš	+?
ortopedalaš	ortopedalaš	+?
orientála	orientála	+?
operatiivvalaš	operatiivvalaš	+?
operatiiva	operatiiva	+?
olulágan	olulágan	+?
olgoriikkapolitihkalaš	olgoriikkapolitihkalaš	+?
oktolágan	oktolágan	+?
oktalaš	oktalaš	+?
ohcanvuđot	ohcanvuđot	+?
oaččoheapme	oaččoheapme	+?
oaivugas	oaivugas	+?
nuppiluohkkálaš	nuppiluohkkálaš	+?
nuorta-eurohpálaš	nuorta-eurohpálaš	+?
njuolggaduslaš	njuolggaduslaš	+?
nicaragualaš	nicaragualaš	+?
nederlándalaš	nederlándalaš	+?
navggas	navggas	+?
navdálas	navdálas	+?
nanaguoddevaš	nanaguoddevaš	+?
máđoheapme	forskrekkelig
mášiinnalaš	mášiinnalaš	+?
mávssoheapme	mávssoheapme	+?
mátta-várjjatlaš	mátta-várjjatlaš	+?
máhtuheapme	máhtuheapme	+?
máhccevaš	máhccevaš	+?
muohtaheapme	muohtaheapme	+?
monumentála	monumentála	+?
moattelágan	moattelágan	+?
metaforalaš	metaforalaš	+?
mearritmeahttun	mearritmeahttun	+?
mearridanválddálaš	mearridanválddálaš	+?
materiealla	materiealla	+?
maritiima	maritiima	+?
malaysialaš	malaysialaš	+?
mahtásaš	mahtásaš	+?
mahtosaš	mahtosaš	+?
láđismeahttun	láđismeahttun	+?
láttas	láttas	+?
láiddas	láiddas	+?
luonddudilálaš	luonddudilálaš	+?
luonddudieđalaš	naturvitenskapelig
luohpi	luohpi	+?
logijahkásaš	logijahkásaš	+?
liberálalaš	liberálalaš	+?
lavttis	lavttis	+?
kvantitatiiva	kvantitatiiva	+?
kubalaš	kubalaš	+?
kroavis	kroavis	+?
kosovolaš	kosovolaš	+?
korsikalaš	korsikalaš	+?
korintalaš	korintalaš	+?
komihkalaš	komihkalaš	+?
kolonialisttalaš	kolonialisttalaš	+?
kognitiiva	kognitiv
kirkonjárgalaš	kirkonjárgalaš	+?
jurddalaš	jurddalaš	+?
jolgemeahttun	jolgemeahttun	+?
jierpmiheapme	jierpmiheapme	+?
jiednái	jiednái	+?
ipmillaš	ipmillaš	+?
innovatiiva	innovativ
inkompeteanta	inkompeteanta	+?
ii-ávnnaslaš	ii-ávnnaslaš	+?
ii-oinnolaš	ii-oinnolaš	+?
hárpma	hárpma	+?
hámeheapme	hámeheapme	+?
huvddalaš	huvddalaš	+?
huvddaheapme	huvddaheapme	+?
humanetihkalaš	humanetihkalaš	+?
homoseksuálalaš	homoseksuálalaš	+?
homogena	homogena	+?
hoavrras	hoavrras	+?
hoahpuheapme	hoahpuheapme	+?
historjjáheapme	historjjáheapme	+?
hirbmatlágan	hirbmatlágan	+?
gávtteheapme	gávtteheapme	+?
gáktehámat	gáktehámat	+?
gáiddusoahpaheapmi	gáiddusoahpaheapmi	+?
guđetlágan	guđetlágan	+?
guttaheapme	udugelig
guovtteoaivvat	guovtteoaivvat	+?
guovttekultuvrralaš	guovttekultuvrralaš	+?
guovddášlaš	guovddášlaš	+?
guoktilaš	hyklersk
guhkesvuovttat	guhkesvuovttat	+?
grammáhtalaš	grammáhtalaš	+?
golmmamánnosaš	golmmamánnosaš	+?
golmmalahkat	golmmalahkat	+?
golmmakultuvrrat	golmmakultuvrrat	+?
golmmageardásaš	golmmageardásaš	+?
goabbatbeallásaš	goabbatbeallásaš	+?
girkkis	girkkis	+?
gihttellaš	gihttellaš	+?
giellaoahpalaš	giellaoahpalaš	+?
geađas	geađas	+?
geavaheaddjeguvllot	geavaheaddjeguvllot	+?
garuheapme	garuheapme	+?
garrajienat	garrajienat	+?
føderála	føderála	+?
fáhkkat	fáhkkat	+?
fiskesivnnat	fiskesivnnat	+?
filosofálaš	filosofálaš	+?
fiinnalunddot	fiinnalunddot	+?
englándalaš	englándalaš	+?
eleš	livsdyktig
eahpeárbevirolaš	eahpeárbevirolaš	+?
eahpevárddus	eahpevárddus	+?
eahpevuoigat	eahpevuoigat	+?
eahpesosiála	eahpesosiála	+?
eahpeduohta	eahpeduohta	+?
eahpedorvvolaš	eahpedorvvolaš	+?
dynamalaš	dynamalaš	+?
duddjojeaddji	duddjojeaddji	+?
dovdduheapme	dovdduheapme	+?
doaibmameahttun	doaibmameahttun	+?
doabalaš	doabalaš	+?
divttis	tett
depressiiva	depressiiva	+?
deanodatlaš	deanodatlaš	+?
dakkárlágan	dakkárlágan	+?
bálkálasiheapmi	bálkálasiheapmi	+?
báljesoaivvat	báljesoaivvat	+?
buošši	sint
buorrelunddot	buorrelunddot	+?
buolbmátlaš	buolbmátlaš	+?
budejjulaš	budejjulaš	+?
boisbotniheapme	boisbotniheapme	+?
boalddehahtti	boalddehahtti	+?
birzzeheapme	birzzeheapme	+?
billávuotnalaš	billávuotnalaš	+?
bihkkái	bihkkái	+?
belljes	som_hører_godt
beavkkas	beavkkas	+?
bearašustitlaš	bearašustitlaš	+?
bealát	bealát	+?
bealleheakkat	bealleheakkat	+?
beallegielat	beallegielat	+?
bastteheapme	bastteheapme	+?
bartalágan	bartalágan	+?
baleš	baleš	+?
bahámielat	bahámielat	+?
bahábeakkálmas	bahábeakkálmas	+?
bahkat	bahkat	+?
badjesogalaš	badjesogalaš	+?
badjellunddolaš	badjellunddolaš	+?
babylonalaš	babylonalaš	+?
asialaš	asialaš	+?
artisttalaš	artisttalaš	+?
arkitektonalaš	arkitektonalaš	+?
apostalaš	apostalaš	+?
animálalaš	animálalaš	+?
allakultuvrralaš	allakultuvrralaš	+?
alitčalmmat	alitčalmmat	+?
aitosaš	egentlig
agiheapme	agiheapme	+?
Duppal	Duppal	+?
6-juvllat	6-juvllat	+?
4-lanjat	4-lanjat	+?
3-vahkkosaš	3-vahkkosaš	+?
čázevuloš	čázevuloš	+?
čáppajienat	čáppajienat	+?
čállinváillat	čállinváillat	+?
čáhppesvuovttat	svarthåret
čáhppesvielgat	čáhppesvielgat	+?
čuohteruvdnosaš	čuohteruvdnosaš	+?
čuohtegeardásaš	čuohtegeardásaš	+?
čoavdemeahttun	čoavdemeahttun	+?
čoalččas	čoalččas	+?
šlávas	šlávas	+?
šlunddas	šlunddas	+?
čilgetmeahttun	čilgetmeahttun	+?
šiegalunddot	šiegalunddot	+?
šerresivnnat	šerresivnnat	+?
šearus	šearus	+?
šattes	šattes	+?
šamánalaš	šamánalaš	+?
šalkkas	šalkkas	+?
ávkalaš	ávkalaš	+?
ássanhistorjjálaš	ássanhistorjjálaš	+?
árpmoheapme	árpmoheapme	+?
árjjeheapme	árjjeheapme	+?
álgoálgosaš	álgoálgosaš	+?
álgosaš	álgosaš	+?
áicavaš	áicavaš	+?
áicalas	áicalas	+?
ábolaš	nyttig
vásttolaš	vásttolaš	+?
várjjatlaš	várjjatlaš	+?
vánhurskkismeahttun	vánhurskkismeahttun	+?
váldogielat	váldogielat	+?
váhčči	váhčči	+?
vuostemielat	vuostemielat	+?
vuostehágolaš	vuostehágolaš	+?
vuolledássásaš	vuolledássásaš	+?
vuolitárvosaš	vuolitárvosaš	+?
vuoigŋalaš	vuoigŋalaš	+?
vulkánalaš	vulkánalaš	+?
viđageardásaš	viđageardásaš	+?
virggiheapme	virggiheapme	+?
vilgesvuovttat	vilgesvuovttat	+?
vilddus	vilddus	+?
venezuelalaš	venezuelalaš	+?
vearjogeatnegas	vearjogeatnegas	+?
vahccái	vahccái	+?
unnačalmmat	unnačalmmat	+?
ulddas	ulddas	+?
ulbmildiđolaš	ulbmildiđolaš	+?
tropalaš	tropalaš	+?
tibetalaš	tibetalaš	+?
thailándalaš	thailándalaš	+?
tessalonikalaš	tessalonikalaš	+?
sáiggas	fillet
systemahtalaš	systemahtalaš	+?
suomagielalaš	suomagielalaš	+?
suojeheapme	suojeheapme	+?
suhtadahkes	suhtadahkes	+?
substansiealla	substansiealla	+?
stahtalaš	stahtalaš	+?
spálžžas	spálžžas	+?
sosiáladarwinistalaš	sosiáladarwinistalaš	+?
sosiologalaš	sosiologalaš	+?
somálialaš	somálialaš	+?
soameslágan	soameslágan	+?
soahppil	soahppil	+?
soabatmeahttun	soabatmeahttun	+?
smierru	smierru	+?
slávalaš	slávalaš	+?
skárppis	skárppis	+?
skuvttár	skuvttár	+?
skuvlaoahpaheapmi	skuvlaoahpaheapmi	+?
skiluheapme	skiluheapme	+?
siskkáldasrievttálaš	siskkáldasrievttálaš	+?
sis-finnmárkulaš	sis-finnmárkulaš	+?
sillat	sillat	+?
silbaránis	silbaránis	+?
siivolágan	siivolágan	+?
sievjulaš	sievjulaš	+?
sibirjálaš	sibirjálaš	+?
sibiralaš	sibiralaš	+?
servvodatlágan	servvodatlágan	+?
servvodatlaš	servvodatlaš	+?
servvodatekonomálaš	servvodatekonomálaš	+?
senila	senila	+?
sekundára	sekundær
seammasturrosaš	seammasturrosaš	+?
seammanammasaš	seammanammasaš	+?
seammaahkásaš	seammaahkásaš	+?
saŋas	isfri
ráđđenhálolaš	ráđđenhálolaš	+?
rávžžas	rávžžas	+?
rávnnjeheapme	rávnnjeheapme	+?
rásisttalaš	rásisttalaš	+?
rámálmas	rámálmas	+?
ráhkaduslaš	ráhkaduslaš	+?
ráddjemeahttun	ráddjemeahttun	+?
ruškesránis	ruškesránis	+?
ruškesivnnat	ruškesivnnat	+?
ruossalaš	ruossalaš	+?
ruonáivnnat	ruonáivnnat	+?
ruonáeatnangielat	ruonáeatnangielat	+?
ruogŋái	ruogŋái	+?
roavvalágan	roavvalágan	+?
roaggajienat	roaggajienat	+?
riviheapme	riviheapme	+?
riikkagottálaš	riikkagottálaš	+?
rievtteslágan	rievtteslágan	+?
rievdameahttun	rievdameahttun	+?
representatiivvalaš	representatiivvalaš	+?
representatiiva	representatiiva	+?
relatiivvalaš	relatiivvalaš	+?
reahalaš	reahalaš	+?
psykososiálalaš	psykososiálalaš	+?
psykihkalaš	psykihkalaš	+?
prinsihpaheapme	prinsihpaheapme	+?
primára	primær
preassafágalaš	preassafágalaš	+?
perulaš	perulaš	+?
paradoksála	paradoksála	+?
ođđadárogielat	ođđadárogielat	+?
ovttačalmmat	ovttačalmmat	+?
ovttalágaš	ovttalágaš	+?
ovttalanjat	ovttalanjat	+?
ovttaguvllot	ovttaguvllot	+?
ovttagearddat	ovttagearddat	+?
ovttaahkásaš	ovttaahkásaš	+?
ovddastuslaš	ovddastuslaš	+?
olympialaš	olympialaš	+?
olmmáilaš	olmmáilaš	+?
ollil	ollil	+?
ollesárvosaš	ollesárvosaš	+?
olbmolágan	menneskeaktig
oktoráđálaš	oktoráđálaš	+?
occitanialaš	occitanialaš	+?
oassálas	oassálas	+?
oaseheapme	oaseheapme	+?
oarjelsámegielat	oarjelsámegielat	+?
oanehisjuolggat	oanehisjuolggat	+?
oahppavaš	oahppavaš	+?
oahpahuspolitihkalaš	oahpahuspolitihkalaš	+?
oadjebasmeahttun	oadjebasmeahttun	+?
oaddi	oaddi	+?
nášunálalaš	nášunálalaš	+?
návuotnalaš	návuotnalaš	+?
nállái	nállái	+?
nálggas	nálggas	+?
nuppiluohkálaš	nuppiluohkálaš	+?
nuppelohjahkásaš	nuppelohjahkásaš	+?
nuommir	nuommir	+?
normatiiva	normatiiva	+?
norgalaš-ruoššalaš	norgalaš-ruoššalaš	+?
njuolvvas	njuolvvas	+?
njuolggočoalat	njuolggočoalat	+?
njellimlaš	njellimlaš	+?
njealjevahkkosaš	njealjevahkkosaš	+?
njealjelágan	njealjelágan	+?
njealjegeardán	njealjegeardán	+?
neurologalaš	neurologalaš	+?
nepálalaš	nepálalaš	+?
neavrrilágan	neavrrilágan	+?
máŋggašlájat	máŋggašlájat	+?
máŋggasuorat	flerdelt
máŋggasorttat	máŋggasorttat	+?
máŋggahámat	máŋggahámat	+?
máksoáŋgir	máksoáŋgir	+?
máilmmifinála	máilmmifinála	+?
mytologalaš	mytologalaš	+?
museafágalaš	museafágalaš	+?
murmánskalaš	murmánskalaš	+?
muorralvuotnalaš	muorralvuotnalaš	+?
multimedialaš	multimedialaš	+?
moarselágan	moarselágan	+?
minlágan	minlágan	+?
mielsivalaš	mielsivalaš	+?
mielaevttot	mielaevttot	+?
mearridanfámolaš	mearridanfámolaš	+?
matemáhtalaš	matemáhtalaš	+?
mannosaš	mannosaš	+?
lávvolágan	lávvolágan	+?
láittehahtti	láittehahtti	+?
lágáš	slag
lágafámolaš	lágafámolaš	+?
luovosvuovttat	parykk
luondduhistorjjálaš	luondduhistorjjálaš	+?
lovttolaš	lovttolaš	+?
logátluohkkálaš	logátluohkkálaš	+?
logihkalaš	logihkalaš	+?
loaitu	loaitu	+?
loahtis	loahtis	+?
lihtolaš	alliert
lieđđečiŋaheapmi	lieđđečiŋaheapmi	+?
kyrillalaš	kyrillalaš	+?
kynalaš	kynalaš	+?
kronalaš	kronalaš	+?
kroahtalaš	kroahtalaš	+?
kritihkaheapme	kritihkaheapme	+?
kontinentála	kontinentála	+?
konstitušunála	konstitušunála	+?
kommunála	kommunála	+?
klinalaš	klinalaš	+?
kirurgalaš	kirurgalaš	+?
kenialaš	kenialaš	+?
kapitalisttalaš	kapitalisttalaš	+?
jáhkaskas	jáhkaskas	+?
juohkelágaš	juohkelágaš	+?
johkamohkkilaš	johkamohkkilaš	+?
joallu	joallu	+?
jieŋaheapme	jieŋaheapme	+?
jaskeslunddot	jaskeslunddot	+?
itkkus	itkkus	+?
israellaš	israellaš	+?
islandalaš	islandalaš	+?
irlándalaš	irlándalaš	+?
iras	iras	+?
irakalaš	irakalaš	+?
intelligeanta	intelligeanta	+?
ii-árbevirolaš	ii-árbevirolaš	+?
ii-vealaheapmi	ii-vealaheapmi	+?
ii-stáhtalaš	ii-stáhtalaš	+?
ii-sosialisttalaš	ii-sosialisttalaš	+?
ii-eaktodáhtolaš	ii-eaktodáhtolaš	+?
ii-anihahtti	ii-anihahtti	+?
iežálágan	iežálágan	+?
iešguđetivnnat	iešguđetivnnat	+?
idealaš	idealaš	+?
hárjánmeahttun	hárjánmeahttun	+?
hájaheapme	hájaheapme	+?
hysteralaš	hysteralaš	+?
hutkalas	hutkalas	+?
humána	humána	+?
hirras	hirras	+?
hierárkkalaš	hierárkkalaš	+?
heterogena	heterogena	+?
heavskái	heavskái	+?
heaigomielat	heaigomielat	+?
heahttái	ubehjelpelig
heaggái	heaggái	+?
heabuheapme	heabuheapme	+?
hatteheapme	med_dårlig_pris
gáŋgaviikalaš	gáŋgaviikalaš	+?
gávccátluohkálaš	gávccátluohkálaš	+?
gáppus	nifs
gálus	gálus	+?
gustomeahttun	gustomeahttun	+?
gurutgieđat	gurutgieđat	+?
guovttestávval	guovttestávval	+?
guovttesorttat	guovttesorttat	+?
guovttemánnosaš	guovttemánnosaš	+?
guovtteguvllot	guovtteguvllot	+?
guovgat	brungul
guorahallameahttun	guorahallameahttun	+?
guokkas	guokkas	+?
guoikái	guoikái	+?
guhkeáigásaš	guhkeáigásaš	+?
guhkeslágan	guhkeslágan	+?
gudnebalolaš	gudnebalolaš	+?
govttoheapme	govttoheapme	+?
goltágielat	goltágielat	+?
golmmasuorat	golmmasuorat	+?
golmmaoktalaš	golmmaoktalaš	+?
golmmagearddat	golmmagearddat	+?
golbmaollil	golbmaollil	+?
gokčevaš	gokčevaš	+?
gohpalas	gohpalas	+?
gohccevaš	gohccevaš	+?
goatnjit	goatnjit	+?
goatnjet	goatnjet	+?
goalmmátluohkálaš	goalmmátluohkálaš	+?
goahtelágan	goahtelágan	+?
givvi	givvi	+?
girjeloguheapme	girjeloguheapme	+?
gilevuotnalaš	gilevuotnalaš	+?
giitemeahttun	utakknemlig
gievvodilálaš	gievvodilálaš	+?
germána	germána	+?
geassil	geassil	+?
gearggoheapme	gearggoheapme	+?
garralunddot	garralunddot	+?
gallemeahttun	gallemeahttun	+?
gahci	gahci	+?
fuoiskulaš	fuoiskulaš	+?
fránskkalaš	fránskkalaš	+?
friskkis	friskkis	+?
friijahámat	friijahámat	+?
friddjadáhtolaš	friddjadáhtolaš	+?
fossiillalaš	fossiillalaš	+?
fitnolaš	fitnolaš	+?
fitnofágalaš	fitnofágalaš	+?
fiskesruškat	fiskesruškat	+?
figuratiiva	figuratiiva	+?
fantásttalaš	fantásttalaš	+?
evenáššilaš	evenáššilaš	+?
etnálaš	etnálaš	+?
empiralaš	empiralaš	+?
eksotihkalaš	eksotihkalaš	+?
eaŋgalsgielat	eaŋgalsgielat	+?
eaŋgalasgielat	eaŋgalasgielat	+?
eatniheapme	eatniheapme	+?
eatnatgeardásaš	eatnatgeardásaš	+?
earáahkásaš	earáahkásaš	+?
eartnjehas	eartnjehas	+?
eareliiggán	eareliiggán	+?
eanadieđalaš	eanadieđalaš	+?
eamiálbmotkultuvrralaš	eamiálbmotkultuvrralaš	+?
eamiálbmotguoskevaš	eamiálbmotguoskevaš	+?
ealáhuskultuvrralaš	ealáhuskultuvrralaš	+?
ealáhusguvllot	ealáhusguvllot	+?
eallevaš	eallevaš	+?
eahpečorgat	eahpečorgat	+?
eahpeválddálaš	eahpeválddálaš	+?
eahpeođasmahtti	eahpeođasmahtti	+?
eahpeorgánalaš	eahpeorgánalaš	+?
eahpeollislaš	eahpeollislaš	+?
eahpeoadjebas	eahpeoadjebas	+?
eahpenjuolgguslaš	eahpenjuolgguslaš	+?
eahpeluohtehahtti	eahpeluohtehahtti	+?
eahpelogalaš	eahpelogalaš	+?
eahpegánnáhahtti	eahpegánnáhahtti	+?
eahpefysalaš	eahpefysalaš	+?
eahpedásseárvosaš	eahpedásseárvosaš	+?
eahpedoaimmalaš	eahpedoaimmalaš	+?
dánsullasaš	dánsullasaš	+?
dálošvággilaš	dálošvággilaš	+?
dálkkádatpolitihkalaš	dálkkádatpolitihkalaš	+?
duššálaš	duššálaš	+?
dutkijournalisttalaš	dutkijournalisttalaš	+?
dutkanetihkalaš	dutkanetihkalaš	+?
durkalaš	durkalaš	+?
duiskkagielat	duiskkagielat	+?
duhátgeardásaš	duhátgeardásaš	+?
dološlágan	dološlágan	+?
dollaruoksat	dollaruoksat	+?
doaŋggas	doaŋggas	+?
doaresgirkolaš	doaresgirkolaš	+?
doaibmil	doaibmil	+?
doaibmaálggaheapmi	doaibmaálggaheapmi	+?
dihtorteknihkalaš	dihtorteknihkalaš	+?
dieđateorehtalaš	dieđateorehtalaš	+?
diehttevaš	diehttevaš	+?
dentálateknihkalaš	dentálateknihkalaš	+?
deavis	deavis	+?
deattoheapme	deattoheapme	+?
deatnogáddilaš	deatnogáddilaš	+?
darvvas	darvvas	+?
cáiccas	hysterisk
bázzelágan	bázzelágan	+?
báktefágalaš	bergverksfaglig
báhčaveadjilaš	báhčaveadjilaš	+?
buolvvaidgaskasaš	buolvvaidgaskasaš	+?
bolivialaš	bolivialaš	+?
bohtas	bohtas	+?
boazologaheapmi	telling_av_rein
boasttulágan	boasttulágan	+?
boasttolágan	boasttolágan	+?
boarrásiidpolitihkalaš	boarrásiidpolitihkalaš	+?
boalbbas	boalbbas	+?
boahtteáiggelunddot	boahtteáiggelunddot	+?
boahtteáiggediđolaš	boahtteáiggediđolaš	+?
bivttaslágan	bivttaslágan	+?
bistteheapme	bistteheapme	+?
birrajahkásaš	birrajahkásaš	+?
birgenvejolaš	birgenvejolaš	+?
birasvuoruheapmi	birasvuoruheapmi	+?
biográfalaš	biográfalaš	+?
bievllus	bievllus	+?
bieggajeahkki	bieggajeahkki	+?
berosteaddji	berosteaddji	+?
beallebeaivásaš	beallebeaivásaš	+?
bargoteknihkalaš	bargoteknihkalaš	+?
balvvaheapme	balvvaheapme	+?
badjelmielat	badjelmielat	+?
austrálalaš	austrálalaš	+?
arábialaš	arábialaš	+?
arkiivafágalaš	arkiivafágalaš	+?
argentinalaš	argentinalaš	+?
anárgielat	anárgielat	+?
amerikalaš	amerikalaš	+?
amaslágan	amaslágan	+?
altalaš	altalaš	+?
allergiijalaš	allergiker
allaárvvot	allaárvvot	+?
alitruoná	alitruoná	+?
aktasaš	aktasaš	+?
advokáhtaválddálaš	advokáhtaválddálaš	+?
Smierru	Smierru	+?
Seattle-álggolaš	Seattle-álggolaš	+?
Magnehtalaš	Magnehtalaš	+?
LOSA-ásaheapmi	LOSA-ásaheapmi	+?
Canada-indiánalaš	Canada-indiánalaš	+?
5-mánnosaš	5-mánnosaš	+?
4-mánnosaš	4-mánnosaš	+?
3-mánnosaš	3-mánnosaš	+?
20-vahkkosaš	20-vahkkosaš	+?
16-mánnosaš	16-mánnosaš	+?
čázeheapme	čázeheapme	+?
čáhppesruškat	čáhppesruškat	+?
čáhppesivnnat	čáhppesivnnat	+?
čáhkkengeatnegas	čáhkkengeatnegas	+?
čádjidahtti	čádjidahtti	+?
šuđggas	rastløs
šuvgil	šuvgil	+?
čuvgetmeahttun	čuvgetmeahttun	+?
čuvgesfiskat	čuvgesfiskat	+?
šovkesliikkat	šovkesliikkat	+?
čorgatmeahttun	čorgatmeahttun	+?
šluđas	šluđas	+?
šlahttelágan	šlahttelágan	+?
čiđđálas	čiđđálas	+?
čiežanuppelotjahkásaš	čiežanuppelotjahkásaš	+?
čiežajuolggat	čiežajuolggat	+?
čieguslágan	čieguslágan	+?
šiegalaš	šiegalaš	+?
čeavláslágan	čeavláslágan	+?
čeahkkalaš	čeahkkalaš	+?
šattot	šattot	+?
áššemeahttun	áššemeahttun	+?
áŋŋellaš	áŋŋellaš	+?
ávkkiheapme	ávkkiheapme	+?
ávddaheapme	ávddaheapme	+?
áskkas	áskkas	+?
ártegislágan	ártegislágan	+?
árki	elendig
álletnjárgalaš	álletnjárgalaš	+?
ákŋoluoktalaš	ákŋoluoktalaš	+?
ákusttalaš	ákusttalaš	+?
ákkaheapme	ákkaheapme	+?
ájluoktalaš	ájluoktalaš	+?
áidnalunddosaš	áidnalunddosaš	+?
áiddeheapme	áiddeheapme	+?
zairelaš	zairelaš	+?
vávjjehahtti	vávjjehahtti	+?
váttisgielat	váttisgielat	+?
vátnačalmmat	vátnačalmmat	+?
váraheapme	uforsiktig
váldofágadássásaš	váldofágadássásaš	+?
váldeváillat	váldeváillat	+?
váldegottálaš	váldegottálaš	+?
váimmuheapme	váimmuheapme	+?
váimmoheapme	váimmoheapme	+?
váibmoláđismeahttun	váibmoláđismeahttun	+?
váibameahttun	váibameahttun	+?
váhčirlaš	váhčirlaš	+?
vuođđojurddalaš	vuođđojurddalaš	+?
vuođoheapme	vuođoheapme	+?
vuovddeheapme	vuovddeheapme	+?
vuovdaguoikalaš	vuovdaguoikalaš	+?
vuotnabahtalaš	vuotnabahtalaš	+?
vuosttasgielat	vuosttasgielat	+?
vuorddálmas	vuorddálmas	+?
vuoraslágan	vuoraslágan	+?
vuonnabahtalaš	vuonnabahtalaš	+?
vuolláneaddji	vuolláneaddji	+?
vuolligaš	vuolligaš	+?
vuojuheapmi	vuojuheapmi	+?
vuoitemeahttun	vuoitemeahttun	+?
vuoimmalaš	vuoimmalaš	+?
vuogádatguvllot	vuogádatguvllot	+?
viđátluohkkálaš	viđátluohkkálaš	+?
višuvnnaheapme	višuvnnaheapme	+?
viđageardán	viđageardán	+?
viđabeaivásaš	viđabeaivásaš	+?
vistelágaš	vistelágaš	+?
vissislágan	vissislágan	+?
virttis	virttis	+?
vilgesoaivvat	vilgesoaivvat	+?
viidnejuhkki	viidnejuhkki	+?
vigat	vigat	+?
vieruiduvvanrievttálaš	sedvanerettslig
vierisgielat	vierisgielat	+?
viehkis	slu
vearjolágan	vearjolágan	+?
veardásaš	veardásaš	+?
veahčatlaš	veahčatlaš	+?
varraruoksat	varraruoksat	+?
vajáldahkes	glemsom
urdnji	urdnji	+?
uldahámat	uldahámat	+?
ukrainalaš	ukrainalaš	+?
turkulaš	turkulaš	+?
tuolloheapme	tuolloheapme	+?
trolaheapme	trolaheapme	+?
tragihkalaš	tragihkalaš	+?
topográfalaš	topográfalaš	+?
thaieanalaš	thaieanalaš	+?
teáhterlágan	teáhterlágan	+?
tematalaš	tematalaš	+?
teavsttaheapme	teavsttaheapme	+?
sávvameahttun	sávvameahttun	+?
sárevuopmilaš	sárevuopmilaš	+?
sámevulgosaš	sámevulgosaš	+?
sámeivnnat	sámeivnnat	+?
sáhppesivnnat	sáhppesivnnat	+?
symmetralaš	symmetralaš	+?
suovvaguoikalaš	suovvaguoikalaš	+?
suorttas	suorttas	+?
suopmelašugralaš	suopmelašugralaš	+?
suomaugralaš	suomaugralaš	+?
suomasogat	suomasogat	+?
suolonuorrilaš	suolonuorrilaš	+?
suohtaslágan	suohtaslágan	+?
sudnii	sudnii	+?
suddelágaš	suddelágaš	+?
sudanalaš	sudanalaš	+?
stáippas	stáippas	+?
stuorralágan	stuorralágan	+?
stuibmái	stuibmái	+?
stoahkkái	stoahkkái	+?
stilistalaš	stilistalaš	+?
stereotiippalaš	stereotiippalaš	+?
stavangerlaš	stavangerlaš	+?
statihkalaš	statihkalaš	+?
spánialaš	spánialaš	+?
spálččas	spálččas	+?
spanialaš	spanialaš	+?
spanas	spanas	+?
spakkas	spakkas	+?
sovjetalaš	sovjetalaš	+?
sosioekonomálaš	sosioekonomálaš	+?
somalialaš	somalialaš	+?
soiddas	soiddas	+?
sohkabealguoskevaš	sohkabealguoskevaš	+?
soađiáigásaš	soađiáigásaš	+?
soađegillilaš	soađegillilaš	+?
soarttat	soarttat	+?
soajáheapme	soajáheapme	+?
soahtelámis	soahtelámis	+?
soahpatmeahttun	soahpatmeahttun	+?
snoasalaš	snoasalaš	+?
snielis	snielis	+?
snavggas	snavggas	+?
smađáhkis	smađáhkis	+?
smarfevuovttat	smarfevuovttat	+?
slovakialaš	slovakialaš	+?
skuŋkkas	skuŋkkas	+?
skurvvas	skurvvas	+?
skotlándalaš	skotlándalaš	+?
skievttaheapme	skievttaheapme	+?
skierválaš	skierválaš	+?
skeaŋkalágan	skeaŋkalágan	+?
skandinávialaš	skandinávialaš	+?
sisbuoidi	sisbuoidi	+?
sirddolaš	sirddolaš	+?
sierragielat	sierragielat	+?
sibitlágan	sibitlágan	+?
sibirijálaš	sibirijálaš	+?
siberialaš	siberialaš	+?
sevdnjesliikkat	sevdnjesliikkat	+?
sevdjnesvarat	sevdjnesvarat	+?
servvodatmedisiinnalaš	servvodatmedisiinnalaš	+?
servvodatdieđalaš	servvodatdieđalaš	+?
servodatekonomálaš	servodatekonomálaš	+?
semanttalaš	semanttalaš	+?
seavdda	seavdda	+?
seammalágaš	seammalágaš	+?
seammaguhkkosaš	seammaguhkkosaš	+?
seahkkái	seahkkái	+?
sarpsborgalaš	sarpsborgalaš	+?
salvadoralaš	salvadoralaš	+?
ráđđiaddi	ráđđiaddi	+?
ráđas	ráđas	+?
rávttošnjárgalaš	rávttošnjárgalaš	+?
ránešlaš	ránešlaš	+?
ránesivnnat	ránesivnnat	+?
rámššas	ujevn
ráinnasnálat	ráinnasnálat	+?
ruŋgulaš	ruŋgulaš	+?
ruskkas	ruskkas	+?
ruoššanjárgalaš	ruoššanjárgalaš	+?
ruoššalágan	ruoššalágan	+?
ruošša-ortodoksa	ruošša-ortodoksa	+?
ruovttoheapme	ruovttoheapme	+?
ruovdelágan	ruovdelágan	+?
ruonálágan	ruonálágan	+?
rumašváillat	rumašváillat	+?
ruksesmuđot	ruksesmuđot	+?
ruksesjuolggat	ruksesjuolggat	+?
romálaš	romálaš	+?
rohkolas	rohkolas	+?
rocklágan	rocklágan	+?
roaškkas	smelling
roavččas	roavččas	+?
roavvegieddilaš	roavvegieddilaš	+?
roahkkelágan	roahkkelágan	+?
rivttátlaš	rivttátlaš	+?
rivgolágan	rivgolágan	+?
ristagas	ristagas	+?
riiddalmas	riiddalmas	+?
rihkkumeahttun	rihkkumeahttun	+?
rievttiheapme	rievttiheapme	+?
riektepolitihkalaš	rettspolitisk
riedjalas	riedjalas	+?
reála	reála	+?
revylágan	revylágan	+?
retorihkalaš	retorihkalaš	+?
reiddas	reiddas	+?
regulára	regulára	+?
regiovdnapolitihkalaš	regiovdnapolitihkalaš	+?
regionálapolitihkalaš	regionálapolitihkalaš	+?
reaššvuotnalaš	reaššvuotnalaš	+?
reaškálas	reaškálas	+?
rationála	rationála	+?
rastásaš	rastásaš	+?
rabasmielat	rabasmielat	+?
páraheapme	páraheapme	+?
psykosomáhtalaš	psykosomáhtalaš	+?
prošeaktalunddot	prošeaktalunddot	+?
prosessuála	prosessuála	+?
proseantasaš	proseantasaš	+?
produktiiva	produktiiva	+?
portugálalaš	portugálalaš	+?
polenlaš	polenlaš	+?
pedofiillalaš	pedofiillalaš	+?
partiála	partiála	+?
parlementáralaš	parlementáralaš	+?
palawanalaš	palawanalaš	+?
ožžos	ožžos	+?
ovttasturrosaš	ovttasturrosaš	+?
ovttaláhkásaš	ensartet
ovttalaš	enhetlig
ovttajienat	ovttajienat	+?
ovttaháváš	ovttaháváš	+?
ovttaháválaš	ovttaháválaš	+?
ovttadásat	ovttadásat	+?
ovttabeaivásaš	ovttabeaivásaš	+?
ovddasvásttolaš	ovddasvásttolaš	+?
ovdagáttuheapme	ovdagáttuheapme	+?
ovdagáttolaš	ovdagáttolaš	+?
ovccátluohkkálaš	ovccátluohkkálaš	+?
oskumeahttun	oskumeahttun	+?
ortnetlaš	ortnetlaš	+?
olmmošduolbmalas	olmmošduolbmalas	+?
ollismielat	ollismielat	+?
ollesjierpmat	ollesjierpmat	+?
ollesahkásaš	ollesahkásaš	+?
olgešravddat	olgešravddat	+?
oktageardásaš	oktageardásaš	+?
oassádalli	deltakende
oassesivalaš	oassesivalaš	+?
oarjesámegielat	oarjesámegielat	+?
oanehisáiggat	oanehisáiggat	+?
oamis	brukt
oamedovddoheapme	oamedovddoheapme	+?
oaivegielat	oaivegielat	+?
oahpeslágan	oahpeslágan	+?
nášuvnnála	nášuvnnála	+?
námas	námas	+?
nuvvoslaš	nuvvoslaš	+?
nuppisadjásaš	nuppisadjásaš	+?
nuppigeardásaš	nuppigeardásaš	+?
nuortamállet	nuortamállet	+?
nuortagielat	nuortagielat	+?
nuohtaheapme	nuohtaheapme	+?
norgalaš-nigerialaš	norgalaš-nigerialaš	+?
norgalaš-jugoslavialaš	norgalaš-jugoslavialaš	+?
nominála	nominal
nominealla	nominealla	+?
nohkatmeahttun	nohkatmeahttun	+?
njávkkas	njávkkas	+?
njuorasmielat	njuorasmielat	+?
njunálaš	njunálaš	+?
njuneheapme	njuneheapme	+?
njoammilalágan	njoammilalágan	+?
njiezas	vasstrukken
njealjátluohkkálaš	njealjátluohkkálaš	+?
njealječalmmat	njealječalmmat	+?
njealjelotjahkásaš	njealjelotjahkásaš	+?
njealjebeaivásaš	njealjebeaivásaš	+?
njagilágan	njagilágan	+?
nikealaš	nikealaš	+?
nevvot	nevvot	+?
nervøsa	nervøsa	+?
narvikalaš	narvikalaš	+?
namahahtti	namahahtti	+?
naiiva	naiiva	+?
máŧoheapme	umulig
máŋggačalmmat	máŋggačalmmat	+?
máŋggalágaš	máŋggalágaš	+?
máŋggajuolggat	máŋggajuolggat	+?
máŋggajienat	máŋggajienat	+?
máŋggaivdnásaš	máŋggaivdnásaš	+?
máŋggabeallásaš	máŋggabeallásaš	+?
máttibuš	máttibuš	+?
máinneheapme	máinneheapme	+?
máinnashámat	máinnashámat	+?
máilmmidássásaš	máilmmidássásaš	+?
máilmmidásat	máilmmidásat	+?
máhttointensiiva	máhttointensiiva	+?
máhkarávjulaš	máhkarávjulaš	+?
muttalaš	muttalaš	+?
munnolágan	munnolágan	+?
multilaterála	multilaterála	+?
muhtunmállet	muhtunmállet	+?
muhtunlágaš	muhtunlágaš	+?
muhtinsorttat	muhtinsorttat	+?
movttáskahtti	movttáskahtti	+?
monnái	monnái	+?
momentána	momentána	+?
molssolaš	molssolaš	+?
moattevahkkosaš	moattevahkkosaš	+?
moallái	moallái	+?
minerálalaš	minerálalaš	+?
miesiheapme	miesiheapme	+?
mielaidgeassi	mielaidgeassi	+?
miehtemielat	miehtemielat	+?
mexicolaš	mexicolaš	+?
meavrresgárelágan	meavrresgárelágan	+?
mearkkašmeahttun	betydningsløs
maŋŋásaš	maŋŋásaš	+?
massiivvalaš	massiivvalaš	+?
majoritehtagielat	majoritehtagielat	+?
lávvonjárgalaš	lávvonjárgalaš	+?
láttegielat	láttegielat	+?
lákcaivnnat	lákcaivnnat	+?
láitemeahttun	láitemeahttun	+?
láirelágan	láirelágan	+?
láhkačađaheapmi	justis
luvnnjas	luvnnjas	+?
luteránalaš	luteránalaš	+?
luteralaš	luteralaš	+?
luossái	luossái	+?
luohtemállet	luohtemállet	+?
luhtolaš	luhtolaš	+?
loškkas	loškkas	+?
lossamielalaš	lossamielalaš	+?
londonlaš	londonlaš	+?
loguheapme	loguheapme	+?
logimánnosaš	logimánnosaš	+?
loavdi	loavdi	+?
liŋkkas	liŋkkas	+?
lisas	sykelig
linjjáheapme	linjjáheapme	+?
lingvisttalaš	lingvisttalaš	+?
lieđđudeaddji	blomstrende
lieggaváimmot	lieggaváimmot	+?
lieggaváimmolaš	lieggaváimmolaš	+?
leavvajohkalaš	leavvajohkalaš	+?
leappas	leappas	+?
leakkas	leakkas	+?
latvialaš	latvialaš	+?
latnjalas	latnjalas	+?
latin-amerihkálaš	latin-amerihkálaš	+?
lapplándalaš	lapplándalaš	+?
lamas	lamas	+?
laktoseheapme	laktoseheapme	+?
lajuheapme	lajuheapme	+?
lajoheapme	lajoheapme	+?
kárásjohkalaš	kárásjohkalaš	+?
kyproslaš	kyproslaš	+?
kymrigielat	kymrigielat	+?
kvantitatiivvalaš	kvantitatiivvalaš	+?
kultuvrraheapme	kultuvrraheapme	+?
kulturgáddálas	kulturgáddálas	+?
korealaš	korealaš	+?
kirsamuorjeivnnat	kirsamuorjeivnnat	+?
kinnalaš	kinnalaš	+?
keampa	keampa	+?
kaukásialaš	kaukásialaš	+?
kamerunalaš	kamerunalaš	+?
jáválaš	jáválaš	+?
jávohisvuođageatnegas	jávohisvuođageatnegas	+?
jámadeaddji	jámadeaddji	+?
jáhkkarámas	jáhkkarámas	+?
jurbolaš	ustø
julggalaš	julggalaš	+?
jugoslavialaš	jugoslavialaš	+?
joriheapmi	joriheapmi	+?
joraheapmi	joraheapmi	+?
joensuulaš	joensuulaš	+?
jerggolaš	jerggolaš	+?
jeavddaheapme	jeavddaheapme	+?
jearggaheapme	jearggaheapme	+?
jearaldatvuloš	jearaldatvuloš	+?
jazzlágan	jazzlágan	+?
jaskatlaš	jaskatlaš	+?
iráhkalaš	iráhkalaš	+?
irrationála	irrationála	+?
ipmái	ipmái	+?
inkonsekveanta	inkonsekveanta	+?
indoeurohpálaš	indoeurohpálaš	+?
immateriálalaš	immateriálalaš	+?
illučalmmat	illučalmmat	+?
ii-sámegielat	ii-sámegielat	+?
ii-risttalaš	ii-risttalaš	+?
ii-pedagogalaš	ii-pedagogalaš	+?
ii-ortodoksalaš	ii-ortodoksalaš	+?
ii-oahppil	ii-oahppil	+?
ii-kristalaš	ii-kristalaš	+?
ii-juvddálaš	ii-juvddálaš	+?
ii-juridihkalaš	ii-juridihkalaš	+?
ii-formálalaš	ii-formálalaš	+?
ii-almmolaš	ii-almmolaš	+?
iešsihkar	iešsihkar	+?
iešlágálaš	iešlágálaš	+?
iešlágalaš	iešlágalaš	+?
iešguđetmállet	iešguđetmállet	+?
iešguhtetlágan	iešguhtetlágan	+?
iešdagolaš	iešdagolaš	+?
iežanlágan	iežanlágan	+?
hávri	hávri	+?
hármonalaš	hármonalaš	+?
hárdinlágan	hárdinlágan	+?
hámmarfeastalaš	hámmarfeastalaš	+?
hypera	hypera	+?
hurvvas	lurvet
horbmálaš	horbmálaš	+?
honnesváhkilaš	honnesváhkilaš	+?
hongkongalaš	hongkongalaš	+?
hohppil	hohppil	+?
hoavkkas	hoavkkas	+?
hirbmatlaš	hirbmatlaš	+?
hippielágan	hippielágan	+?
hiegis	hiegis	+?
hellaslaš	hellaslaš	+?
helgetlágan	helgetlágan	+?
healpu	lett
heakkadehálaš	heakkadehálaš	+?
haitilaš	haitilaš	+?
gážžár	vrang
gáskálas	brennesle
gárvvoheaddji	gárvvoheaddji	+?
gárrenmirkkoheapme	gárrenmirkkoheapme	+?
gárkkis	gárkkis	+?
gámehisnjárgalaš	gámehisnjárgalaš	+?
gálániitulaš	gálániitulaš	+?
gálvvas	gálvvas	+?
gálvanađat	gálvanađat	+?
gáktemállet	gáktemállet	+?
gáibidahkis	gáibidahkis	+?
gáhtavaš	gáhtavaš	+?
guđátluohkkálaš	guđátluohkkálaš	+?
gurremeahttun	gurremeahttun	+?
guovttigaskasaš	guovttigaskasaš	+?
guovttenađat	guovttenađat	+?
guovttemiesat	guovttemiesat	+?
guovttelahkat	guovttelahkat	+?
guovtteivnnat	guovtteivnnat	+?
guovttebeallásaš	guovttebeallásaš	+?
guovlluviidosaš	guovlluviidosaš	+?
guoskkatmeahttun	guoskkatmeahttun	+?
guolleváibmil	guolleváibmil	+?
gullalas	gullalas	+?
guhkesleakkat	guhkesleakkat	+?
guatemálalaš	guatemálalaš	+?
gozeš	gozeš	+?
govvalágaš	govvalágaš	+?
govdul	govdul	+?
gottiheapme	gottiheapme	+?
golmmalanjat	golmmalanjat	+?
golmma-jahkásaš	golmma-jahkásaš	+?
gollevuovttat	gollevuovttat	+?
golgoslágan	golgoslágan	+?
gohtalaš	gohtalaš	+?
gohppilaš	gohppilaš	+?
goaskái	goaskái	+?
goanstái	goanstái	+?
girkodoartnalágan	girkodoartnalágan	+?
gieđahallameahttun	gieđahallameahttun	+?
gieskadaš	gieskadaš	+?
giepmalaš	giepmalaš	+?
giellamáhtolaš	giellamáhtolaš	+?
gielladieđalaš	gielladieđalaš	+?
gielistahkes	gielistahkes	+?
gielddasámegielat	gielddasámegielat	+?
ghanalaš	ghanalaš	+?
gerelmas	gerelmas	+?
generella	generella	+?
gehpes	gehpes	+?
geađggeheapme	geađggeheapme	+?
geavatmeahttun	geavatmeahttun	+?
geavatlaš-pedagogalaš	geavatlaš-pedagogalaš	+?
geasiheapme	geasiheapme	+?
geaisárlaš	geaisárlaš	+?
gavjái	gavjái	+?
gaskaárvosaš	gaskaárvosaš	+?
gaskagielddalaš	gaskagielddalaš	+?
garraváimmot	garraváimmot	+?
galmmihanlanjalágan	galmmihanlanjalágan	+?
galbbaheapme	galbbaheapme	+?
fástideaddji	fástideaddji	+?
fylkkaviidosaš	fylkkaviidosaš	+?
fylkagieldalaš	fylkagieldalaš	+?
fuođđi	fuođđi	+?
fuoras	fuoras	+?
fuomášmeahttun	fuomášmeahttun	+?
funkšunála	funkšunála	+?
fránskkagielat	fránskkagielat	+?
frankriikalaš	frankriikalaš	+?
fonehtalaš	fonehtalaš	+?
folkloristtalaš	folkloristtalaš	+?
fitnodatekonomálaš	fitnodatekonomálaš	+?
fiinnadovddolaš	fiinnadovddolaš	+?
fierranjohkalaš	fierranjohkalaš	+?
feastamielat	feastamielat	+?
feaskkirlágan	feaskkirlágan	+?
fearggaheapme	fearggaheapme	+?
fanaslágan	fanaslágan	+?
eŋlándalaš	eŋlándalaš	+?
eŋglándalaš	eŋglándalaš	+?
eŋgellágan	eŋgellágan	+?
eváhkkolaš	eváhkkolaš	+?
evttohuslágan	evttohuslágan	+?
etnologalaš	etnologalaš	+?
eteralaš	eteralaš	+?
eretorru	eretorru	+?
ereliiggán	ereliiggán	+?
epihkalaš	epihkalaš	+?
elementára	elementára	+?
ekstáhtalaš	ekstáhtalaš	+?
eksplisihtta	eksplisihtta	+?
eatnandieđalaš	eatnandieđalaš	+?
earálágaš	earálágaš	+?
eaipil	eaipil	+?
eahpeulbmillaš	eahpeulbmillaš	+?
eahpestáđis	eahpestáđis	+?
eahpestruktuvrralaš	eahpestruktuvrralaš	+?
eahpestabiila	eahpestabiila	+?
eahpesiviila	eahpesiviila	+?
eahpesealvi	eahpesealvi	+?
eahperiekta	eahperiekta	+?
eahpeparlamentáralaš	eahpeparlamentáralaš	+?
eahpemávssolaš	eahpemávssolaš	+?
eahpemánnálaš	eahpemánnálaš	+?
eahpelojála	eahpelojála	+?
eahpelogihkalaš	eahpelogihkalaš	+?
eahpekonkrehta	eahpekonkrehta	+?
eahpejáhkihahtti	eahpejáhkihahtti	+?
eahpehámolaš	eahpehámolaš	+?
eahpegustojeaddji	eahpegustojeaddji	+?
eahpegorrelaš	eahpegorrelaš	+?
eahpedássit	eahpedássit	+?
eahpedárkil	eahpedárkil	+?
eahpedovddus	eahpedovddus	+?
dáččalágan	dáččalágan	+?
dážalágan	dážalágan	+?
dáválaš	dáválaš	+?
dássedettolaš	dássedettolaš	+?
dáromállet	dáromállet	+?
dánskkagielat	dánskkagielat	+?
dálvadaslaš	dálvadaslaš	+?
dálkkádatlaš	dálkkádatlaš	+?
dáktái	dáktái	+?
dáidlágan	dáidlágan	+?
dáidemeahttun	dáidemeahttun	+?
dáiddolaš	kyndig
dáhtuheapme	dáhtuheapme	+?
dáddjil	dáddjil	+?
duššadeaddji	duššadeaddji	+?
duđahahtti	duđahahtti	+?
duskkálaš	duskkálaš	+?
duobbelaš	duobbelaš	+?
duhátjahkásaš	duhátjahkásaš	+?
drammenlaš	drammenlaš	+?
dovdomearkkalaš	dovdomearkkalaš	+?
dolkameahttun	dolkameahttun	+?
doahppil	doahppil	+?
diktahámat	diktahámat	+?
dievasválddálaš	dievasválddálaš	+?
dienlágan	dienlágan	+?
destruktiiva	destruktiiva	+?
departemeanttaidgaskasaš	departemeanttaidgaskasaš	+?
deiveš	deiveš	+?
deaŧálaš	deaŧálaš	+?
deanušaldilaš	deanušaldilaš	+?
davviromsalaš	davviromsalaš	+?
danmárkulaš	danmárkulaš	+?
cábmálas	cábmálas	+?
collas	collas	+?
coavcceheapme	coavcceheapme	+?
chilelaš	chilelaš	+?
ceakkonjuolgat	ceakkonjuolgat	+?
ceaikkas	ceaikkas	+?
bárbáralaš	bárbáralaš	+?
bálvalusmielat	bálvalusmielat	+?
bálvalanguvllot	bálvalanguvllot	+?
báiddeheapme	báiddeheapme	+?
buvttalaš	buvttalaš	+?
buvrovuotnalaš	buvrovuotnalaš	+?
buotlágaš	buotlágaš	+?
buotborri	buotborri	+?
buotahkásaš	buotahkásaš	+?
buorrindoalli	buorrindoalli	+?
buorrindoallalas	buorrindoallalas	+?
buorredilálaš	buorredilálaš	+?
buoritmeahttun	buoritmeahttun	+?
bunádalágan	bunádalágan	+?
buhttemeahttun	buhttemeahttun	+?
buhtismeahttun	buhtismeahttun	+?
británnialaš	británnialaš	+?
botswanalaš	botswanalaš	+?
boreála	boreála	+?
bollui	bollui	+?
boddosaš	boddosaš	+?
boareslágan	ganske_gammel
boaittu	boaittu	+?
boahtteáiggevuđot	boahtteáiggevuđot	+?
bivddehahtti	bivddehahtti	+?
bivahahtti	bivahahtti	+?
bissul	bissul	+?
bissolas	bissolas	+?
birgehahtti	birgehahtti	+?
birasvárálaš	birasvárálaš	+?
biokultuvrralaš	biokultuvrralaš	+?
biillaheapme	biillaheapme	+?
biertavárrilaš	biertavárrilaš	+?
biergováibmil	biergováibmil	+?
belolaš	belolaš	+?
beatnatlágan	beatnatlágan	+?
beaskalágan	beaskalágan	+?
beasatlaš	beasatlaš	+?
bealátmeahttun	bealátmeahttun	+?
beallepriváhta	beallepriváhta	+?
beallegeardásaš	beallegeardásaš	+?
bealeheapme	bealeheapme	+?
bargonávccalaš	arbeidsfør
bangladeshalaš	bangladeshalaš	+?
balddonaslágan	balddonaslágan	+?
bajásráhkadeaddji	bajásráhkadeaddji	+?
bajitdásat	bajitdásat	+?
badjáneaddji	badjáneaddji	+?
ađevuopmilaš	ađevuopmilaš	+?
ađaheapme	ađaheapme	+?
aziheapme	aziheapme	+?
autenttalaš	autenttalaš	+?
auditiiva	auditiiva	+?
audiovisuála	audiovisuell
atlántalaš	atlántalaš	+?
aspektuála	aspektuála	+?
askehtalaš	askehtalaš	+?
arvvoheapme	arvvoheapme	+?
arvveslágan	arvveslágan	+?
aromáhtalaš	aromáhtalaš	+?
arkeologálaš	arkeologálaš	+?
arabialaš	arabialaš	+?
anárjohkalaš	anárjohkalaš	+?
amaskultuvrrat	amaskultuvrrat	+?
allaárvvolaš	allaárvvolaš	+?
allavirggat	allavirggat	+?
allaseđolaš	allaseđolaš	+?
allamielat	allamielat	+?
alitvielgat	alitvielgat	+?
alitruoksat	alitruoksat	+?
alaskalaš	alaskalaš	+?
afrihkkalaš	afrihkkalaš	+?
administratiiva	administratiiva	+?
actionlágan	actionlágan	+?
absoluhtta	absoluhtta	+?
Norrøna	Norrøna	+?
EU-ovttalágan	EU-ovttalágan	+?
8-čiegat	8-čiegat	+?
7-mánnosaš	7-mánnosaš	+?
6-vahkkosaš	6-vahkkosaš	+?
500-geardásaš	500-geardásaš	+?
4-čiegat	4-čiegat	+?
4-juolggat	4-juolggat	+?
3-čiegat	3-čiegat	+?
3-lanjat	3-lanjat	+?
200-geardásaš	200-geardásaš	+?
2-uvssat	2-uvssat	+?
2-mánnosaš	2-mánnosaš	+?
2-juvllat	2-juvllat	+?
10-mánnosaš	10-mánnosaš	+?
